# Blender v2.83.3 OBJ File: 'SpaceCraft.blend'
# www.blender.org
mtllib SpaceCraft.mtl
o SpaceCraft_Cube
v 1.175613 6.369020 1.124312
v 1.223240 7.758120 0.955325
v 0.915779 6.175423 -0.798799
v 1.387776 7.615807 -1.003163
v 1.932782 7.078116 -0.645558
v 1.932782 6.619925 -0.645558
v 1.541783 6.501351 1.053560
v 1.932782 7.078116 0.645558
v 3.424183 7.078116 -0.729581
v 3.424183 6.619925 -0.729581
v 3.418673 6.619925 0.645558
v 4.255316 7.343538 2.313365
v 5.039376 6.931601 -0.427519
v 4.874201 6.704928 -0.406031
v 4.874201 6.704928 0.406031
v 5.114213 6.925523 0.389820
v 7.509404 6.144735 -0.303870
v 7.615956 5.809801 -0.406031
v 7.892830 5.735613 0.406031
v 7.768178 6.080978 0.450255
v 0.791828 7.492616 3.501637
v 1.028413 6.577826 2.666852
v 0.102799 7.492874 3.512073
v 1.289400 7.056942 3.217858
v 1.116430 6.682865 2.726126
v 0.562066 7.065564 5.209507
v 0.738630 7.054682 5.225704
v 0.738630 7.028256 5.225704
v 1.281406 7.456154 -2.662741
v 1.128647 6.308044 -2.172330
v 1.769399 6.975052 -2.458494
v 1.769399 6.722989 -2.458494
v 2.690305 7.035563 0.525650
v 3.067115 7.035563 0.525650
v 3.067115 7.035563 -0.525650
v 2.690305 7.035563 -0.525650
v 3.067115 6.662477 -0.525650
v 2.690305 6.662477 -0.525650
v 2.690305 6.662477 0.525650
v 3.067115 6.662477 0.525650
v 2.563400 6.619925 -0.645558
v 2.563401 6.619925 0.645558
v 3.194019 6.619925 -0.645558
v 3.194019 6.619925 0.645558
v 2.563401 7.078116 0.645558
v 3.194019 7.078116 0.645558
v 2.563400 7.078116 -0.645558
v 3.194019 7.078116 -0.645558
v 4.000763 6.951249 11.718525
v 4.000763 6.746792 11.718525
v 4.469105 6.913318 11.695042
v 4.469105 6.784723 11.695042
v 4.671533 6.913318 11.555073
v 4.671533 6.784723 11.555073
v 4.382106 7.319830 3.884840
v 5.703883 6.943984 5.735110
v 8.162345 5.992780 5.735428
v 3.934151 6.590295 6.218624
v 5.525424 6.686292 5.948119
v 8.296839 5.608066 5.948119
v 3.132906 7.078116 -4.071662
v 3.132906 6.619925 -4.071662
v 4.254805 6.931973 -4.533474
v 4.024609 6.704928 -4.643863
v 4.377533 6.936559 -4.590315
v 4.430921 6.704928 -4.866753
v 9.781604 5.078223 -0.575095
v 9.725968 4.870589 -0.575095
v 9.932489 4.815252 0.030625
v 9.988125 5.022886 0.030625
v 10.296672 4.954602 4.164490
v 10.233842 4.720115 4.164491
v 6.222815 6.254066 1.678131
v 6.790280 6.151529 1.676666
v 6.994840 6.042477 4.677644
v 6.589346 6.284009 4.676136
v 6.312699 5.104286 1.545678
v 5.921300 5.175009 1.546688
v 6.174109 5.195662 3.614507
v 6.453790 5.029070 3.615547
v 0.699048 8.305523 0.497048
v 0.082054 8.304399 0.486426
v 0.570171 8.150108 1.504626
v 0.774640 7.908733 -1.720732
v 0.222118 7.045017 5.605323
v 0.269358 7.042879 5.708028
v 0.102799 7.044999 5.605260
v 0.263951 7.040559 5.709904
v 0.263951 7.042379 5.709904
v 0.878815 5.362225 3.610725
v 1.295119 5.672481 3.875039
v 0.892470 5.780761 5.342906
v 0.545449 5.791085 5.696887
v 0.549402 5.791451 5.695516
v 0.587237 4.503596 4.492273
v 0.779541 4.646914 4.614368
v 0.593545 4.696932 5.292424
v 0.433244 4.701702 5.455940
v 0.567038 4.694482 5.301622
v 0.435070 4.701870 5.455306
v 0.251265 7.059803 6.262354
v 0.448978 6.176288 6.253521
v 0.368259 5.407038 6.083931
v 0.142219 6.811920 8.821903
v 0.158462 6.739338 8.821177
v 0.151831 6.676144 8.807245
v 0.533373 6.241985 6.646223
v 0.441994 6.505727 7.867247
v 0.378312 5.744717 7.701307
v 0.430290 5.259600 6.429645
v 0.039545 5.734061 7.705243
v 0.039545 7.387127 7.879738
v 0.245053 7.391631 7.879754
v 0.280881 7.370296 6.657505
v 1.492164 6.648226 6.758767
v 1.436957 6.749311 7.193602
v 1.401852 6.906184 7.195169
v 1.540146 6.543170 6.260736
v 1.409209 7.035103 6.762674
v 1.432737 7.023150 6.265535
v 0.915779 6.175423 0.862582
v 1.932782 6.619925 0.645558
v 0.719951 6.455754 2.856311
v 1.289400 6.880144 3.217858
v 2.258620 5.173406 1.662997
v 2.527925 5.224209 1.637591
v 2.100187 5.260210 2.735355
v 2.169233 5.318876 2.786101
v 2.033925 4.104412 -2.170142
v 3.548975 4.549723 -2.575474
v 1.929014 4.466594 7.179799
v 2.506151 4.973549 7.534950
v 3.197003 3.359784 -2.500190
v 4.712054 3.805096 -2.905521
v 2.909893 3.861248 6.795408
v 3.536804 4.438487 7.124631
v 3.771533 4.708503 -1.258524
v 3.285157 5.046484 5.750501
v 4.479544 4.255219 -1.459438
v 3.697029 4.782794 5.633624
v 2.169334 3.839290 -1.238067
v 2.058409 4.083586 6.169286
v 2.996411 3.309778 -1.472768
v 2.677500 3.687232 5.993607
v 1.543969 4.709122 7.187207
v 2.163917 5.269217 7.535625
v 3.255535 3.613342 6.701515
v 3.875482 4.173435 7.049932
v 3.067551 5.324369 5.401688
v 4.109448 4.657323 5.106027
v 1.703630 4.159665 5.825254
v 2.920741 3.380445 5.479874
v 2.590085 4.849678 5.437565
v 3.620738 4.314616 5.027246
v 2.012948 4.342723 5.082413
v 2.993827 3.737378 4.698022
v 3.369090 4.922613 3.653115
v 3.780963 4.658923 3.536238
v 2.142343 3.959715 4.071900
v 2.761433 3.563361 3.896221
v 2.456170 4.077791 -2.540014
v 3.355325 4.342076 -2.780571
v 3.146436 3.635868 -2.735893
v 4.045591 3.900153 -2.976450
v 3.907601 4.167293 -2.118224
v 3.487409 4.436309 -1.998986
v 2.536532 3.920447 -1.986845
v 3.027388 3.606191 -2.126136
v 2.437855 4.374884 -0.549616
v 3.337010 4.639168 -0.790173
v 3.128121 3.932960 -0.745493
v 4.027276 4.197245 -0.986051
v 3.889286 4.464385 -0.127825
v 3.469094 4.733401 -0.008587
v 2.518218 4.217538 0.003554
v 3.009073 3.903283 -0.135737
v 0.952969 7.250499 -3.544871
v 0.671538 7.641141 -2.585197
v 0.878402 6.579601 -3.263710
v 0.707609 8.454153 -0.589968
v 1.480106 7.883714 -1.031533
v 1.256287 7.854008 0.945171
v 1.373736 7.724061 -2.691111
v 0.866970 8.176640 -1.749102
v 0.052864 8.458920 -0.596369
v 0.729568 8.407987 0.464716
v 0.082054 8.409111 0.475338
v 0.052864 8.771832 -1.016660
v 0.543243 8.771832 -1.016660
v 0.635058 8.663401 -1.630776
v 2.651130 8.196979 -1.479029
v 2.613593 8.296475 -1.072719
v 2.569387 8.368549 -1.437322
v 2.550770 8.417897 -1.235807
v 9.976561 4.838057 4.401401
v 10.042233 5.083154 4.401400
v 9.719726 5.154528 0.080488
v 9.503860 5.212368 -0.552639
v 9.445706 4.995340 -0.552639
v 9.661572 4.937499 0.080488
v 12.513337 6.492185 -2.174025
v 12.587161 6.472404 -1.957503
v 12.697454 6.447995 -0.479803
v 12.491219 6.519461 -1.939679
v 12.606503 6.493948 -0.395117
v 12.414054 6.540137 -2.165998
v 1.977624 8.189301 -1.580979
v 1.914055 8.357797 -0.892901
v 1.839193 8.479854 -1.510349
v 1.807665 8.563422 -1.169087
v 2.010149 8.335514 -0.228191
v 2.017570 8.321171 -0.208926
v 1.724022 8.391547 -0.202501
v 1.748218 8.344783 -0.139689
v 3.950804 7.068622 7.579457
v 3.967457 7.029497 8.940289
v 3.984110 6.990373 10.301123
v 3.950804 6.629419 7.579457
v 3.967457 6.668544 8.940289
v 3.984110 6.707668 10.301123
v 5.261344 6.710899 7.349857
v 4.997264 6.735507 8.751595
v 4.733185 6.760115 10.153334
v 7.390512 5.902230 7.349857
v 6.484186 6.196394 8.751595
v 5.577859 6.490559 10.153334
v 4.733185 6.937926 10.153334
v 4.997264 6.962533 8.751595
v 5.261344 6.987142 7.349856
v 5.598918 6.665597 10.153334
v 6.526303 6.417876 8.751595
v 7.453688 6.170155 7.349856
v 4.835433 6.993113 -0.404176
v 4.024609 6.993113 -4.643863
v 4.410978 7.336677 2.288218
v 7.690544 6.088166 -0.406031
v 7.967418 6.013978 0.406031
v 4.534170 7.303766 3.845812
v 8.381073 5.922433 5.948118
v 4.430921 6.993113 -4.866753
v 5.053748 6.731114 0.399463
v 7.707078 5.886569 0.454200
v 7.448303 5.950325 -0.299925
v 5.137838 6.689699 -0.440518
v 4.373746 6.690631 -4.442425
v 5.783752 6.695670 5.571815
v 7.929740 5.854330 5.572345
v 4.469217 6.770348 -4.519003
v 0.668143 8.222801 0.495067
v 1.247322 7.615807 1.012422
v 0.707609 8.489128 0.413856
v 0.052864 8.489128 0.413856
v 1.339652 7.883714 0.984052
v 0.778272 8.207952 0.156128
v 0.808793 8.310416 0.123796
v 0.161278 8.206828 0.145507
v 1.302464 7.660549 0.614405
v 0.161278 8.311541 0.134418
v 1.335511 7.756437 0.604251
v 0.909139 7.517383 3.400088
v 0.660137 7.061937 5.252942
v 0.102799 7.061812 5.254957
v 0.269358 7.040059 5.708028
v 0.562481 7.198621 5.229147
v 0.103214 7.194869 5.274598
v 0.705217 7.607662 3.596703
v 0.179473 7.607099 3.604476
v 0.196063 7.149714 5.415359
v 0.179454 7.148019 5.414827
v 0.792242 7.625673 3.521277
v 0.490883 7.211131 5.190489
v 0.103214 7.625930 3.531713
v 0.179471 7.193927 5.274321
v 0.222533 7.126761 5.488100
v 0.103214 7.126742 5.488036
v 0.489669 7.121864 5.165542
v 0.178257 7.104661 5.249373
v 0.704003 7.518395 3.571755
v 0.178259 7.517833 3.579529
v 0.194849 7.060448 5.390411
v 0.178240 7.058753 5.389879
v 0.760473 8.458920 -0.596369
v 0.760473 8.490708 0.466697
v 0.582240 8.803402 -1.059063
v 0.052724 8.392403 -0.617224
v 0.707469 8.387636 -0.610822
v 0.707469 8.422611 0.393002
v 0.052724 8.422611 0.393002
v 0.052724 8.705316 -1.037514
v 0.543103 8.705316 -1.037514
v 0.465547 6.477944 7.754933
v 0.380255 5.690865 7.621749
v 0.039545 5.701521 7.617756
v 0.039545 7.386077 7.803461
v 0.276375 7.381835 7.803613
v 1.511293 6.643547 6.732377
v 1.438603 7.025341 6.775884
v 0.456025 6.511074 7.910599
v 1.507242 6.657640 6.798597
v 0.259860 7.387671 7.919363
v 0.375938 5.747847 7.742335
v 1.423795 7.030542 6.802326
v 0.478492 6.483057 7.798114
v 1.525392 6.652684 6.772194
v 0.262448 7.385532 7.764008
v 1.424896 7.029632 6.736238
v 0.382629 5.687736 7.580721
v 0.448834 6.457056 7.750208
v 0.412337 6.479726 7.819341
v 1.495734 6.626683 6.724288
v 1.462507 6.622225 6.710861
v 0.348654 5.718716 7.653401
v 0.350598 5.664864 7.573843
v 0.215395 7.365630 7.831848
v 0.246717 7.355834 7.755707
v 1.379551 7.009102 6.714768
v 1.408945 6.999340 6.727978
v 0.009888 7.360076 7.755555
v 0.009888 7.361126 7.831832
v 0.009888 5.708060 7.657337
v 0.009888 5.675520 7.569850
v 9.339905 5.437996 5.055343
v 8.786184 5.717756 5.570915
v 8.737201 5.582651 -0.490654
v 8.132762 5.874583 -0.441785
v 8.672099 5.339689 -0.490654
v 8.062182 5.611176 -0.441785
v 8.706476 5.420282 5.570917
v 9.266383 5.163612 5.055344
v 8.394757 5.804382 0.326640
v 8.978860 5.517899 0.218126
v 8.324178 5.540975 0.326640
v 8.913758 5.274937 0.218126
v 10.555087 5.365313 3.442096
v 11.067941 5.647471 2.482793
v 11.580794 5.929630 1.523489
v 12.093649 6.211789 0.564186
v 11.936920 6.246474 -1.535646
v 11.382622 5.973488 -1.131612
v 10.828323 5.700501 -0.727579
v 10.274025 5.427514 -0.323545
v 10.507932 5.312790 -0.367000
v 11.027739 5.602694 -0.764626
v 11.547546 5.892597 -1.162252
v 12.067354 6.182501 -1.559878
v 12.217298 6.149317 0.449056
v 11.737141 5.850638 1.377914
v 11.256985 5.551960 2.306773
v 10.776829 5.253281 3.235631
v 10.327950 5.361016 -0.894881
v 10.874297 5.643808 -1.214667
v 11.420644 5.926600 -1.534453
v 11.966990 6.209393 -1.854239
v 11.832015 6.274583 -1.843326
v 11.249976 6.009029 -1.520655
v 10.667937 5.743476 -1.197983
v 10.085898 5.477922 -0.875311
v 4.978912 6.737191 -0.417876
v 4.193704 6.737564 -4.529530
v 5.211440 6.677840 0.383461
v 7.305986 5.994508 -0.219698
v 7.550864 5.939852 0.488912
v 5.642782 6.749575 5.739055
v 8.101244 5.798371 5.739373
v 4.316432 6.821254 -4.586370
v 5.298240 6.955074 0.376968
v 7.637664 6.217085 0.482419
v 7.392786 6.271741 -0.226191
v 5.224638 6.966932 -0.447011
v 4.357834 6.966300 -4.448218
v 5.870552 6.972903 5.565322
v 8.016540 6.131563 5.565852
v 4.375504 6.942535 -4.449490
v 12.507887 6.765958 -1.946734
v 12.554823 6.753382 -1.809073
v 12.624946 6.737864 -0.869581
v 12.493824 6.783299 -1.797741
v 12.567120 6.767079 -0.815740
v 12.444764 6.796445 -1.941630
v 4.912970 6.993113 0.404176
v 3.418673 7.078116 0.645558
v 5.525424 7.011749 5.948118
v 3.934151 7.107746 6.218624
v 4.541903 8.068790 2.291048
v 4.237998 8.086923 2.328242
v 4.645507 8.058787 3.850609
v 4.387654 8.082893 3.898234
v 4.367775 7.824694 3.895150
v 4.221398 7.871309 2.325667
v 4.525303 7.853178 2.288473
v 4.625628 7.800588 3.847525
v 4.852514 8.043049 3.833904
v 4.706455 8.056280 2.277769
v 4.832634 7.784849 3.830820
v 4.689854 7.840667 2.275194
v 4.082740 8.098724 2.340947
v 4.189944 8.097922 3.914412
v 4.170065 7.839723 3.911329
v 4.066139 7.883111 2.338372
v 4.416582 7.767613 3.890188
v 4.442591 8.131933 3.883166
v 4.568645 7.751549 3.851160
v 4.598736 8.115870 3.866885
v 4.881446 7.727767 3.825918
v 4.909496 8.092088 3.830269
v 4.113088 7.790683 3.915023
v 4.141137 8.155004 3.919374
v 4.285315 7.890975 3.499978
v 4.296743 8.039415 3.501751
v 4.652584 7.858551 3.443461
v 4.664013 8.006991 3.445234
v 4.750169 7.851132 3.435586
v 4.761598 7.999572 3.437359
v 4.197017 7.897687 3.507203
v 4.208446 8.046127 3.508976
v 4.335795 7.831937 3.494846
v 4.355675 8.090137 3.497930
v 4.593648 7.807831 3.447221
v 4.613527 8.066031 3.450305
v 4.800655 7.792092 3.430516
v 4.820534 8.050292 3.433599
v 4.138085 7.846966 3.511024
v 4.157965 8.105165 3.514108
v 4.436687 7.884941 5.772836
v 4.443100 7.968244 5.773831
v 4.868890 7.847581 5.711043
v 4.875304 7.930883 5.712038
v 4.901538 7.845098 5.708408
v 4.907952 7.928401 5.709403
v 4.413320 7.886717 5.774748
v 4.419734 7.970021 5.775743
v 4.466645 7.849905 5.769791
v 4.439594 8.000258 5.772163
v 4.833914 7.817481 5.713274
v 4.879331 7.964745 5.712345
v 4.931499 7.810061 5.705399
v 4.902283 7.960415 5.707748
v 4.378347 7.856616 5.777016
v 4.419038 8.003881 5.776063
v 4.311782 7.913225 4.209470
v 4.318196 7.996528 4.210465
v 4.743986 7.875865 4.147677
v 4.750400 7.959167 4.148672
v 4.776634 7.873383 4.145042
v 4.783048 7.956686 4.146037
v 4.288415 7.915001 4.211382
v 4.294829 7.998305 4.212377
v 4.458403 7.851771 5.666617
v 4.370105 7.858483 5.673842
v 4.414051 8.005012 5.713637
v 4.434607 8.001388 5.709737
v 4.874344 7.965874 5.649919
v 4.897296 7.961545 5.645322
v 4.825672 7.819347 5.610101
v 4.923257 7.811928 5.602225
v 4.845343 7.965921 5.715047
v 4.942928 7.958501 5.707171
v 4.478074 7.998345 5.771564
v 4.389776 8.005057 5.778789
v 4.837101 7.967788 5.611874
v 4.381534 8.006925 5.675615
v 4.469831 8.000212 5.668390
v 4.934686 7.960368 5.603998
v 4.894834 8.040789 5.713253
v 4.897103 8.036459 5.708657
v 4.437113 8.076303 5.773072
v 4.434480 8.079926 5.776972
v 4.894636 8.041918 5.650827
v 4.434204 8.081056 5.714546
v 4.436837 8.077432 5.710646
v 4.896904 8.037588 5.646231
v 4.875964 7.966254 5.609891
v 4.893135 7.964948 5.608505
v 4.886694 7.989182 5.610165
v 4.887378 7.987876 5.608779
v 4.414842 7.997274 5.674454
v 4.433259 7.995875 5.672947
v 4.426715 8.026655 5.674805
v 4.427732 8.025256 5.673298
v 4.317841 8.155642 2.323065
v 4.289791 7.791321 2.318714
v 4.473504 8.148780 2.297918
v 4.445454 7.784460 2.293567
v 4.786304 8.124998 2.272676
v 4.758254 7.760678 2.268324
v 4.014347 8.178712 2.347900
v 3.986297 7.814391 2.343549
v 4.154326 8.027670 2.110152
v 4.148179 7.947830 2.109199
v 4.581415 7.999130 2.062930
v 4.575428 7.921366 2.062002
v 4.620820 7.996135 2.059751
v 4.614832 7.918371 2.058822
v 4.120449 8.030245 2.112925
v 4.114301 7.950406 2.111971
v 4.200135 8.067097 2.107182
v 4.187419 7.901938 2.105210
v 4.542171 8.045023 2.066872
v 4.529615 7.881940 2.064924
v 4.666632 8.035561 2.056828
v 4.654076 7.872478 2.054880
v 4.081209 8.076137 2.116914
v 4.068493 7.910979 2.114941
v 4.178959 8.022091 2.418488
v 4.172812 7.942252 2.417534
v 4.606048 7.993552 2.371266
v 4.600061 7.915788 2.370337
v 4.645452 7.990556 2.368086
v 4.639465 7.912792 2.367157
v 4.145082 8.024666 2.421260
v 4.138934 7.944827 2.420306
v 4.925507 7.962447 5.489100
v 4.827922 7.969867 5.496975
v 4.816493 7.821426 5.495203
v 4.914078 7.814007 5.487327
v 4.360926 7.860562 5.558944
v 4.372355 8.009004 5.560718
v 4.460652 8.002291 5.553492
v 4.449224 7.853850 5.551719
v 4.427996 7.878667 5.553864
v 4.437183 7.876595 5.668762
v 4.445059 7.978884 5.669983
v 4.402761 7.982108 5.673470
v 4.394885 7.879802 5.672248
v 4.849150 7.945050 5.494831
v 4.858320 7.942964 5.609729
v 4.841273 7.842745 5.493608
v 4.850444 7.840675 5.608508
v 4.892859 7.838831 5.489471
v 4.902030 7.836745 5.604370
v 4.909906 7.939049 5.605592
v 4.900734 7.941120 5.490693
v 4.385698 7.881890 5.557351
v 4.393573 7.984179 5.558573
v 4.435872 7.980972 5.555086
v 4.351207 7.862763 5.437289
v 4.362636 8.011205 5.439063
v 4.450933 8.004492 5.431837
v 4.439505 7.856051 5.430064
v 4.915788 7.964648 5.367445
v 4.818203 7.972068 5.375320
v 4.806774 7.823627 5.373548
v 4.904359 7.816208 5.365672
v 4.851509 7.944513 5.524627
v 4.810436 7.991064 5.508749
v 4.395976 7.983639 5.588367
v 4.354872 8.030198 5.572501
v 4.798812 7.994736 5.377280
v 4.784139 7.804154 5.375003
v 4.793865 7.801945 5.496658
v 4.923742 7.793533 5.363713
v 4.933469 7.791339 5.485368
v 4.947637 7.980630 5.497664
v 4.458895 7.833383 5.428105
v 4.468606 7.831175 5.549760
v 4.338291 7.841089 5.560400
v 4.482784 8.020475 5.562046
v 4.903093 7.940582 5.520490
v 4.438275 7.980431 5.584879
v 4.328578 7.843282 5.438745
v 4.343253 8.033880 5.441021
v 4.473568 8.023965 5.430381
v 4.938416 7.984130 5.365990
v 4.908274 7.985731 5.401141
v 4.834105 7.991364 5.407138
v 4.839985 7.989508 5.473649
v 4.912938 7.983958 5.467755
v 4.798940 7.961327 5.409393
v 4.789494 7.836064 5.407880
v 4.793855 7.835029 5.466201
v 4.804959 7.959494 5.474143
v 4.819158 7.801101 5.404891
v 4.893921 7.795409 5.398845
v 4.898450 7.794392 5.455480
v 4.823685 7.800068 5.461526
v 4.928590 7.825485 5.396631
v 4.938434 7.950726 5.398112
v 4.942681 7.949023 5.463014
v 4.933555 7.824412 5.454905
v 4.343377 8.000468 5.473135
v 4.333932 7.875196 5.471622
v 4.338284 7.874169 5.529945
v 4.349397 7.998631 5.537893
v 4.363591 7.840230 5.468608
v 4.429073 7.835259 5.463262
v 4.433593 7.834227 5.519897
v 4.368113 7.839212 5.525243
v 4.443426 8.025567 5.465558
v 4.378542 8.030506 5.470855
v 4.384420 8.028641 5.537371
v 4.448089 8.023804 5.532167
v 4.463742 7.865332 5.461023
v 4.473582 7.990563 5.462504
v 4.477830 7.988866 5.527397
v 4.468695 7.864252 5.519296
v 4.831542 7.958397 5.406443
v 4.905711 7.952765 5.400445
v 4.910375 7.950992 5.467059
v 4.837422 7.956542 5.472953
v 4.375979 7.997540 5.470160
v 4.440863 7.992601 5.464862
v 4.445526 7.990838 5.531471
v 4.381857 7.995675 5.536675
v 4.908056 7.952944 5.400433
v 4.898212 7.827703 5.398952
v 4.903177 7.826630 5.457226
v 4.912303 7.951241 5.465335
v 4.443204 7.992781 5.464825
v 4.433364 7.867549 5.463344
v 4.438317 7.866469 5.521616
v 4.447453 7.991084 5.529718
v 4.896933 7.834523 5.399312
v 4.822169 7.840214 5.405358
v 4.826696 7.839182 5.461994
v 4.901461 7.833506 5.455947
v 4.432084 7.874373 5.463729
v 4.366602 7.879343 5.469075
v 4.371124 7.878326 5.525711
v 4.436604 7.873341 5.520364
v 4.820967 7.833576 5.405169
v 4.830413 7.958839 5.406682
v 4.836432 7.957006 5.471432
v 4.825328 7.832541 5.463490
v 4.365406 7.872708 5.468910
v 4.374850 7.997981 5.470424
v 4.380870 7.996143 5.535182
v 4.369757 7.871681 5.527234
v 4.584259 8.138762 2.392473
v 4.692772 8.110268 3.751941
v 4.799106 8.102022 3.739409
v 4.691890 8.130687 2.383789
v 4.332131 8.141269 3.792527
v 4.223525 8.161925 2.434297
v 4.125183 8.169313 2.442343
v 4.235062 8.148785 3.804188
v 4.688765 8.058535 3.751325
v 4.580252 8.087029 2.391856
v 4.687882 8.078954 2.383173
v 4.795098 8.050289 3.738793
v 4.219518 8.110192 2.433681
v 4.328124 8.089536 3.791911
v 4.231054 8.097052 3.803572
v 4.121176 8.117580 2.441727
v 4.625034 8.082978 2.430088
v 4.726786 8.056270 3.704849
v 4.750463 8.054306 3.702056
v 4.649707 8.081254 2.428100
v 4.283462 8.093310 3.755262
v 4.181383 8.112733 2.478657
v 4.165991 8.113780 2.479914
v 4.269031 8.094538 3.756998
v 4.702406 8.157420 3.633593
v 4.612678 8.180972 2.509465
v 4.634436 8.179452 2.507712
v 4.723286 8.155688 3.631129
v 4.221451 8.207211 2.552294
v 4.311468 8.190084 3.678049
v 4.298743 8.191166 3.679579
v 4.207878 8.208135 2.553403
v 4.419299 8.152015 2.367198
v 4.381588 8.150246 2.373207
v 4.497101 8.128633 3.817484
v 4.534714 8.121325 3.813494
v 4.458025 8.447606 2.304200
v 4.435918 8.446569 2.307723
v 4.525686 8.429615 3.152076
v 4.503636 8.433899 3.154415
v 4.048646 6.899271 11.716124
v 4.048646 6.798770 11.716124
v 4.421221 6.828945 11.697443
v 4.421221 6.869096 11.697443
v 4.044084 6.861218 12.567707
v 4.044084 6.836820 12.567707
v 4.134534 6.853892 12.563171
v 4.134534 6.844145 12.563171
v 0.041109 8.809396 -1.137842
v 0.257002 8.809691 -1.200728
v 0.328634 8.697850 -1.604478
v 0.039853 9.921138 -1.527573
v 0.151863 9.920574 -1.582690
v 0.193062 9.946862 -1.673973
v 0.301520 8.947653 -1.618377
v 0.274405 9.197455 -1.632276
v 0.247291 9.447258 -1.646175
v 0.220176 9.697060 -1.660074
v 0.170616 9.724893 -1.514759
v 0.192963 9.485868 -1.433230
v 0.215427 9.246922 -1.351511
v 0.237976 9.008039 -1.269638
v 0.039909 9.717850 -1.456858
v 0.040427 9.479770 -1.372754
v 0.040826 9.241623 -1.288844
v 0.041139 9.003422 -1.205090
v 0.440399 9.454857 -1.623585
v 0.417825 9.662832 -1.635156
v 0.409655 9.684488 -1.527676
v 0.428689 9.485898 -1.458733
v 0.731814 8.936782 -1.565226
v 0.710803 9.130356 -1.575997
v 0.696607 9.167983 -1.369162
v 0.714323 8.983145 -1.304993
v 0.164774 9.958638 -1.629386
v 0.166871 9.949378 -1.650062
v 0.071331 10.051600 -1.639642
v 0.072368 10.047023 -1.649859
v 0.428287 9.502642 -1.487657
v 0.436422 9.480893 -1.603123
v 0.418635 9.645205 -1.612262
v 0.413221 9.659342 -1.542062
v 0.327219 9.468609 -1.608718
v 0.319084 9.490357 -1.493252
v 0.304017 9.647058 -1.547657
v 0.309432 9.632921 -1.617857
v 0.318616 9.509879 -1.526974
v 0.322582 9.498964 -1.584861
v 0.310376 9.612370 -1.591166
v 0.308175 9.617740 -1.564429
v 0.502927 9.519251 -1.575621
v 0.498960 9.530166 -1.517734
v 0.488519 9.638026 -1.555189
v 0.490720 9.632657 -1.581925
v 0.713551 9.008708 -1.348679
v 0.726000 8.975619 -1.534388
v 0.712184 9.103268 -1.541489
v 0.701825 9.130639 -1.391012
v 0.583766 8.959719 -1.541178
v 0.571317 8.992807 -1.355469
v 0.559591 9.114738 -1.397802
v 0.569950 9.087367 -1.548279
v 0.570834 9.008776 -1.382758
v 0.580134 8.983979 -1.521915
v 0.570813 9.070446 -1.526722
v 0.562851 9.091411 -1.411451
v 0.784969 9.006879 -1.512136
v 0.775669 9.031675 -1.372979
v 0.767686 9.114310 -1.401673
v 0.775647 9.093346 -1.516944
v 0.290382 9.210425 -1.355210
v 0.307191 9.035046 -1.294324
v 0.680463 9.014179 -1.313564
v 0.668066 9.143527 -1.358469
v 0.288666 9.201905 -1.379277
v 0.305475 9.026525 -1.318391
v 0.666349 9.135007 -1.382536
v 0.678746 9.005659 -1.337631
v 0.233070 9.699112 -1.523714
v 0.251780 9.503901 -1.455944
v 0.406449 9.504975 -1.464303
v 0.390768 9.668582 -1.521101
v 0.232052 9.692164 -1.543446
v 0.250762 9.496954 -1.475676
v 0.389750 9.661634 -1.540833
v 0.405431 9.498028 -1.484035
v 0.301810 8.768952 -1.199744
v 0.187501 9.961600 -1.613787
v 0.278948 9.007483 -1.282552
v 0.210363 9.723071 -1.530978
v 0.233225 9.484541 -1.448169
v 0.256086 9.246012 -1.365361
v 0.223108 8.993401 -1.309750
v 0.026271 8.988784 -1.245201
v 0.200558 9.232285 -1.391622
v 0.025958 9.226985 -1.328955
v 0.178094 9.471231 -1.473342
v 0.025558 9.465132 -1.412865
v 0.155748 9.710255 -1.554870
v 0.025041 9.703212 -1.496969
v 0.026241 8.794758 -1.177953
v 0.242134 8.795053 -1.240840
v 0.024985 9.906500 -1.567684
v 0.136994 9.905936 -1.622801
v 2.042461 8.353467 -0.268637
v 2.074478 8.291586 -0.185522
v 1.663751 8.427631 -0.234635
v 1.717971 8.322838 -0.093881
v 2.133179 8.422614 -1.060767
v 2.140600 8.408271 -1.041503
v 1.847052 8.478647 -1.035077
v 1.871248 8.431883 -0.972265
v 1.529528 8.391504 -0.794057
v 1.145001 8.425212 -0.695213
v 1.237188 8.180861 -1.693061
v 1.607406 8.185081 -1.637020
v 1.036437 8.602219 -1.590634
v 1.437815 8.541037 -1.550491
v 0.990715 8.723409 -1.095738
v 1.399190 8.643415 -1.132412
v 1.538800 8.365665 -0.749176
v 1.158659 8.434609 -0.645282
v 1.244267 8.154119 -1.737814
v 1.611999 8.140135 -1.663976
v 1.045865 8.644328 -1.620731
v 1.446950 8.575704 -1.588997
v 1.001393 8.774317 -1.087846
v 1.409957 8.694021 -1.122870
v 1.759694 8.518159 -0.857603
v 1.711723 8.472895 -0.546119
v 2.211898 8.374944 -0.591027
v 2.381334 8.396420 -0.913417
v 2.254183 8.293216 -0.481254
v 2.433888 8.294846 -0.776987
v 1.848693 8.346144 -0.626561
v 1.783332 8.334491 -0.360221
v 4.884950 7.971633 4.981428
v 4.854112 7.978618 4.595410
v 4.823274 7.985602 4.209394
v 4.792436 7.992587 3.823376
v 4.694851 8.000007 3.831251
v 4.725689 7.993022 4.217268
v 4.756527 7.986037 4.603286
v 4.787365 7.979053 4.989303
v 4.683422 7.851566 3.829479
v 4.714260 7.844582 4.215496
v 4.745098 7.837597 4.601513
v 4.775936 7.830612 4.987530
v 4.781007 7.844147 3.821603
v 4.811845 7.837162 4.207621
v 4.842683 7.830178 4.593638
v 4.873521 7.823193 4.979655
v 4.320369 7.869748 5.051272
v 4.289531 7.876733 4.665255
v 4.258693 7.883718 4.279237
v 4.227855 7.890702 3.893220
v 4.331798 8.018189 5.053045
v 4.300960 8.025174 4.667028
v 4.270122 8.032159 4.281011
v 4.239284 8.039143 3.894993
v 4.420095 8.011477 5.045820
v 4.389257 8.018461 4.659802
v 4.358419 8.025446 4.273785
v 4.327581 8.032431 3.887768
v 4.316153 7.883990 3.885995
v 4.346991 7.877006 4.272012
v 4.377829 7.870021 4.658030
v 4.408667 7.863036 5.044047
v 4.937265 8.016641 4.978063
v 4.906411 8.023644 4.592047
v 4.875589 8.030610 4.206028
v 4.844735 8.037614 3.820013
v 4.650035 8.052399 3.835780
v 4.680892 8.045430 4.221796
v 4.711711 8.038429 4.607814
v 4.742568 8.031461 4.993830
v 4.631107 7.806558 3.832844
v 4.661961 7.799555 4.218859
v 4.692783 7.792589 4.604878
v 4.723637 7.785585 4.990893
v 4.825805 7.791739 3.817076
v 4.856661 7.784770 4.203093
v 4.887481 7.777770 4.589111
v 4.918337 7.770801 4.975127
v 4.268054 7.824740 5.054637
v 4.237232 7.831706 4.668618
v 4.206378 7.838709 4.282602
v 4.175556 7.845675 3.896584
v 4.286982 8.070582 5.057573
v 4.256163 8.077582 4.671555
v 4.225306 8.084551 4.285539
v 4.194487 8.091551 3.899520
v 4.472394 8.056503 5.042457
v 4.441573 8.063469 4.656437
v 4.410718 8.070473 4.270422
v 4.379897 8.077438 3.884403
v 4.360969 7.831598 3.881467
v 4.391788 7.824597 4.267485
v 4.422645 7.817628 4.653502
v 4.453464 7.810628 5.039520
v -1.175613 6.369020 1.124312
v -1.223240 7.758120 0.955325
v -0.915779 6.175423 -0.798799
v -1.387776 7.615807 -1.003163
v 0.000000 6.175423 -0.798799
v 0.000000 7.615807 -1.000000
v 0.000000 6.175423 0.862582
v 0.000000 7.615807 1.000000
v -1.932782 7.078116 -0.645558
v -1.932782 6.619925 -0.645558
v -1.541783 6.501351 1.053560
v -1.932782 7.078116 0.645558
v -3.424183 7.078116 -0.729581
v -3.424183 6.619925 -0.729581
v -3.418673 6.619925 0.645558
v -4.255316 7.343538 2.313365
v -5.039376 6.931601 -0.427519
v -4.874201 6.704928 -0.406031
v -4.874201 6.704928 0.406031
v -5.114213 6.925523 0.389820
v -7.509404 6.144735 -0.303870
v -7.615956 5.809801 -0.406031
v -7.892830 5.735613 0.406031
v -7.768178 6.080978 0.450255
v -0.791828 7.492616 3.501637
v -1.028413 6.577826 2.666852
v 0.000000 6.455754 2.867680
v -0.102799 7.492874 3.512073
v -1.289400 7.056942 3.217858
v -1.116430 6.682865 2.726126
v -0.562066 7.065564 5.209507
v 0.000000 4.503596 4.496113
v 0.000000 7.021002 5.254987
v 0.000000 7.061937 5.254987
v -0.738630 7.054682 5.225704
v -0.738630 7.028256 5.225704
v 0.000000 7.456154 -2.653482
v -1.281406 7.456154 -2.662741
v -1.128647 6.308044 -2.172330
v 0.000000 6.308044 -2.172330
v -1.769399 6.975052 -2.458494
v -1.769399 6.722989 -2.458494
v -2.690305 7.035563 0.525650
v -3.067115 7.035563 0.525650
v -3.067115 7.035563 -0.525650
v -2.690305 7.035563 -0.525650
v -3.067115 6.662477 -0.525650
v -2.690305 6.662477 -0.525650
v -2.690305 6.662477 0.525650
v -3.067115 6.662477 0.525650
v -2.563400 6.619925 -0.645558
v -2.563401 6.619925 0.645558
v -3.194019 6.619925 -0.645558
v -3.194019 6.619925 0.645558
v -2.563401 7.078116 0.645558
v -3.194019 7.078116 0.645558
v -2.563400 7.078116 -0.645558
v -3.194019 7.078116 -0.645558
v -4.000763 6.951249 11.718525
v -4.000763 6.746792 11.718525
v -4.469105 6.913318 11.695042
v -4.469105 6.784723 11.695042
v -4.671533 6.913318 11.555073
v -4.671533 6.784723 11.555073
v -4.382106 7.319830 3.884840
v -5.703883 6.943984 5.735110
v -8.162345 5.992780 5.735428
v -3.934151 6.590295 6.218624
v -5.525424 6.686292 5.948119
v -8.296839 5.608066 5.948119
v -3.132906 7.078116 -4.071662
v -3.132906 6.619925 -4.071662
v -4.254805 6.931973 -4.533474
v -4.024609 6.704928 -4.643863
v -4.377533 6.936559 -4.590315
v -4.430921 6.704928 -4.866753
v -9.781604 5.078223 -0.575095
v -9.725968 4.870589 -0.575095
v -9.932489 4.815252 0.030625
v -9.988125 5.022886 0.030625
v -10.296672 4.954602 4.164490
v -10.233842 4.720115 4.164491
v -6.222815 6.254066 1.678131
v -6.790280 6.151529 1.676666
v -6.994840 6.042477 4.677644
v -6.589346 6.284009 4.676136
v -6.312699 5.104286 1.545678
v -5.921300 5.175009 1.546688
v -6.174109 5.195662 3.614507
v -6.453790 5.029070 3.615547
v 0.000000 8.191012 -0.567999
v -0.699048 8.305523 0.497048
v -0.082054 8.304399 0.486426
v 0.000000 8.150108 1.510314
v -0.570171 8.150108 1.504626
v 0.000000 7.908733 -1.720732
v -0.774640 7.908733 -1.720732
v -0.222118 7.045017 5.605323
v -0.269358 7.042879 5.708028
v 0.000000 7.042879 5.707887
v -0.102799 7.044999 5.605260
v -0.263951 7.040559 5.709904
v -0.263951 7.042379 5.709904
v 0.000000 5.362225 3.619037
v -0.878815 5.362225 3.610725
v -1.295119 5.672481 3.875039
v -0.892470 5.780761 5.342906
v -0.545449 5.791085 5.696887
v 0.000000 5.775457 5.364314
v 0.000000 5.791451 5.695413
v -0.549402 5.791451 5.695516
v -0.587237 4.503596 4.492273
v -0.779541 4.646914 4.614368
v -0.593545 4.696932 5.292424
v -0.433244 4.701702 5.455940
v 0.000000 4.694482 5.302313
v -0.567038 4.694482 5.301622
v 0.000000 4.701870 5.455259
v -0.435070 4.701870 5.455306
v 0.000000 7.059803 6.262255
v -0.251265 7.059803 6.262354
v -0.448978 6.176288 6.253521
v 0.000000 6.176288 6.253448
v 0.000000 5.407038 6.083898
v -0.368259 5.407038 6.083931
v 0.000000 6.811920 8.821895
v -0.142219 6.811920 8.821903
v -0.158462 6.739338 8.821177
v 0.000000 6.739338 8.821172
v 0.000000 6.676144 8.807242
v -0.151831 6.676144 8.807245
v -0.533373 6.241985 6.646223
v -0.441994 6.505727 7.867247
v -0.378312 5.744717 7.701307
v -0.430290 5.259600 6.429645
v -0.039545 5.734061 7.705243
v 0.000000 5.259600 6.429603
v 0.000000 7.370296 6.657377
v -0.039545 7.387127 7.879738
v -0.245053 7.391631 7.879754
v -0.280881 7.370296 6.657505
v 0.000000 6.511074 7.910525
v 0.000000 6.241985 6.646131
v -1.492164 6.648226 6.758767
v -1.436957 6.749311 7.193602
v -1.401852 6.906184 7.195169
v -1.540146 6.543170 6.260736
v -1.409209 7.035103 6.762674
v -1.432737 7.023150 6.265535
v -0.915779 6.175423 0.862582
v -1.932782 6.619925 0.645558
v -0.719951 6.455754 2.856311
v -1.289400 6.880144 3.217858
v -2.258620 5.173406 1.662997
v -2.527925 5.224209 1.637591
v -2.100187 5.260210 2.735355
v -2.169233 5.318876 2.786101
v -2.033925 4.104412 -2.170142
v -3.548975 4.549723 -2.575474
v -1.929014 4.466594 7.179799
v -2.506151 4.973549 7.534950
v -3.197003 3.359784 -2.500190
v -4.712054 3.805096 -2.905521
v -2.909893 3.861248 6.795408
v -3.536804 4.438487 7.124631
v -3.771533 4.708503 -1.258524
v -3.285157 5.046484 5.750501
v -4.479544 4.255219 -1.459438
v -3.697029 4.782794 5.633624
v -2.169334 3.839290 -1.238067
v -2.058409 4.083586 6.169286
v -2.996411 3.309778 -1.472768
v -2.677500 3.687232 5.993607
v -1.543969 4.709122 7.187207
v -2.163917 5.269217 7.535625
v -3.255535 3.613342 6.701515
v -3.875482 4.173435 7.049932
v -3.067551 5.324369 5.401688
v -4.109448 4.657323 5.106027
v -1.703630 4.159665 5.825254
v -2.920741 3.380445 5.479874
v -2.590085 4.849678 5.437565
v -3.620738 4.314616 5.027246
v -2.012948 4.342723 5.082413
v -2.993827 3.737378 4.698022
v -3.369090 4.922613 3.653115
v -3.780963 4.658923 3.536238
v -2.142343 3.959715 4.071900
v -2.761433 3.563361 3.896221
v -2.456170 4.077791 -2.540014
v -3.355325 4.342076 -2.780571
v -3.146436 3.635868 -2.735893
v -4.045591 3.900153 -2.976450
v -3.907601 4.167293 -2.118224
v -3.487409 4.436309 -1.998986
v -2.536532 3.920447 -1.986845
v -3.027388 3.606191 -2.126136
v -2.437855 4.374884 -0.549616
v -3.337010 4.639168 -0.790173
v -3.128121 3.932960 -0.745493
v -4.027276 4.197245 -0.986051
v -3.889286 4.464385 -0.127825
v -3.469094 4.733401 -0.008587
v -2.518218 4.217538 0.003554
v -3.009073 3.903283 -0.135737
v -0.952969 7.250499 -3.544871
v -0.671538 7.641141 -2.585197
v 0.000000 7.250499 -3.544871
v -0.878402 6.579601 -3.263710
v 0.000000 6.579601 -3.263710
v 0.000000 7.641141 -2.585197
v -0.707609 8.454153 -0.589968
v -1.480106 7.883714 -1.031533
v -1.256287 7.854008 0.945171
v -1.373736 7.724061 -2.691111
v -0.866970 8.176640 -1.749102
v -0.052864 8.458920 -0.596369
v -0.729568 8.407987 0.464716
v -0.082054 8.409111 0.475338
v 0.000000 8.176640 -1.749102
v -0.052864 8.771832 -1.016660
v -0.543243 8.771832 -1.016660
v 0.000000 8.663401 -1.630776
v -0.635058 8.663401 -1.630776
v -2.651130 8.196979 -1.479029
v -2.613593 8.296475 -1.072719
v -2.569387 8.368549 -1.437322
v -2.550770 8.417897 -1.235807
v -9.976561 4.838057 4.401401
v -10.042233 5.083154 4.401400
v -9.719726 5.154528 0.080488
v -9.503860 5.212368 -0.552639
v -9.445706 4.995340 -0.552639
v -9.661572 4.937499 0.080488
v -12.513337 6.492185 -2.174025
v -12.587161 6.472404 -1.957503
v -12.697454 6.447995 -0.479803
v -12.491219 6.519461 -1.939679
v -12.606503 6.493948 -0.395117
v -12.414054 6.540137 -2.165998
v -1.977624 8.189301 -1.580979
v -1.914055 8.357797 -0.892901
v -1.839193 8.479854 -1.510349
v -1.807665 8.563422 -1.169087
v -2.010149 8.335514 -0.228191
v -2.017570 8.321171 -0.208926
v -1.724022 8.391547 -0.202501
v -1.748218 8.344783 -0.139689
v -3.950804 7.068622 7.579457
v -3.967457 7.029497 8.940289
v -3.984110 6.990373 10.301123
v -3.950804 6.629419 7.579457
v -3.967457 6.668544 8.940289
v -3.984110 6.707668 10.301123
v -5.261344 6.710899 7.349857
v -4.997264 6.735507 8.751595
v -4.733185 6.760115 10.153334
v -7.390512 5.902230 7.349857
v -6.484186 6.196394 8.751595
v -5.577859 6.490559 10.153334
v -4.733185 6.937926 10.153334
v -4.997264 6.962533 8.751595
v -5.261344 6.987142 7.349856
v -5.598918 6.665597 10.153334
v -6.526303 6.417876 8.751595
v -7.453688 6.170155 7.349856
v -4.835433 6.993113 -0.404176
v -4.024609 6.993113 -4.643863
v -4.410978 7.336677 2.288218
v -7.690544 6.088166 -0.406031
v -7.967418 6.013978 0.406031
v -4.534170 7.303766 3.845812
v -8.381073 5.922433 5.948118
v -4.430921 6.993113 -4.866753
v -5.053748 6.731114 0.399463
v -7.707078 5.886569 0.454200
v -7.448303 5.950325 -0.299925
v -5.137838 6.689699 -0.440518
v -4.373746 6.690631 -4.442425
v -5.783752 6.695670 5.571815
v -7.929740 5.854330 5.572345
v -4.469217 6.770348 -4.519003
v -0.668143 8.222801 0.495067
v 0.000000 8.222801 0.495067
v -1.247322 7.615807 1.012422
v -0.707609 8.489128 0.413856
v -0.052864 8.489128 0.413856
v -1.339652 7.883714 0.984052
v -0.778272 8.207952 0.156128
v -0.808793 8.310416 0.123796
v -0.161278 8.206828 0.145507
v -1.302464 7.660549 0.614405
v -0.161278 8.311541 0.134418
v -1.335511 7.756437 0.604251
v -0.909139 7.517383 3.400088
v -0.660137 7.061937 5.252942
v 0.000000 7.517383 3.413774
v -0.102799 7.061812 5.254957
v -0.269358 7.040059 5.708028
v 0.000000 7.040059 5.707887
v -0.562481 7.198621 5.229147
v -0.103214 7.194869 5.274598
v -0.705217 7.607662 3.596703
v -0.179473 7.607099 3.604476
v -0.196063 7.149714 5.415359
v -0.179454 7.148019 5.414827
v -0.792242 7.625673 3.521277
v -0.490883 7.211131 5.190489
v -0.103214 7.625930 3.531713
v -0.179471 7.193927 5.274321
v -0.222533 7.126761 5.488100
v -0.103214 7.126742 5.488036
v -0.489669 7.121864 5.165542
v -0.178257 7.104661 5.249373
v -0.704003 7.518395 3.571755
v -0.178259 7.517833 3.579529
v -0.194849 7.060448 5.390411
v -0.178240 7.058753 5.389879
v -0.760473 8.458920 -0.596369
v -0.760473 8.490708 0.466697
v 0.000000 8.490708 0.466697
v 0.000000 8.458920 -0.596369
v 0.000000 8.803402 -1.059063
v -0.582240 8.803402 -1.059063
v -0.052724 8.392403 -0.617224
v -0.707469 8.387636 -0.610822
v -0.707469 8.422611 0.393002
v -0.052724 8.422611 0.393002
v -0.052724 8.705316 -1.037514
v -0.543103 8.705316 -1.037514
v -0.465547 6.477944 7.754933
v -0.380255 5.690865 7.621749
v -0.039545 5.701521 7.617756
v -0.039545 7.386077 7.803461
v -0.276375 7.381835 7.803613
v 0.000000 6.477944 7.754857
v -1.511293 6.643547 6.732377
v -1.438603 7.025341 6.775884
v 0.000000 7.385532 7.763905
v 0.000000 7.387671 7.919264
v -0.456025 6.511074 7.910599
v -1.507242 6.657640 6.798597
v -0.259860 7.387671 7.919363
v -0.375938 5.747847 7.742335
v 0.000000 5.747847 7.742304
v -1.423795 7.030542 6.802326
v 0.000000 5.687735 7.580688
v -0.478492 6.483057 7.798114
v -1.525392 6.652684 6.772194
v -0.262448 7.385532 7.764008
v -1.424896 7.029632 6.736238
v -0.382629 5.687736 7.580721
v -0.448834 6.457056 7.750208
v -0.412337 6.479726 7.819341
v -1.495734 6.626683 6.724288
v -1.462507 6.622225 6.710861
v -0.348654 5.718716 7.653401
v -0.350598 5.664864 7.573843
v -0.215395 7.365630 7.831848
v -0.246717 7.355834 7.755707
v -1.379551 7.009102 6.714768
v -1.408945 6.999340 6.727978
v -0.009888 7.360076 7.755555
v -0.009888 7.361126 7.831832
v -0.009888 5.708060 7.657337
v -0.009888 5.675520 7.569850
v -9.339905 5.437996 5.055343
v -8.786184 5.717756 5.570915
v -8.737201 5.582651 -0.490654
v -8.132762 5.874583 -0.441785
v -8.672099 5.339689 -0.490654
v -8.062182 5.611176 -0.441785
v -8.706476 5.420282 5.570917
v -9.266383 5.163612 5.055344
v -8.394757 5.804382 0.326640
v -8.978860 5.517899 0.218126
v -8.324178 5.540975 0.326640
v -8.913758 5.274937 0.218126
v -10.555087 5.365313 3.442096
v -11.067941 5.647471 2.482793
v -11.580794 5.929630 1.523489
v -12.093649 6.211789 0.564186
v -11.936920 6.246474 -1.535646
v -11.382622 5.973488 -1.131612
v -10.828323 5.700501 -0.727579
v -10.274025 5.427514 -0.323545
v -10.507932 5.312790 -0.367000
v -11.027739 5.602694 -0.764626
v -11.547546 5.892597 -1.162252
v -12.067354 6.182501 -1.559878
v -12.217298 6.149317 0.449056
v -11.737141 5.850638 1.377914
v -11.256985 5.551960 2.306773
v -10.776829 5.253281 3.235631
v -10.327950 5.361016 -0.894881
v -10.874297 5.643808 -1.214667
v -11.420644 5.926600 -1.534453
v -11.966990 6.209393 -1.854239
v -11.832015 6.274583 -1.843326
v -11.249976 6.009029 -1.520655
v -10.667937 5.743476 -1.197983
v -10.085898 5.477922 -0.875311
v -4.978912 6.737191 -0.417876
v -4.193704 6.737564 -4.529530
v -5.211440 6.677840 0.383461
v -7.305986 5.994508 -0.219698
v -7.550864 5.939852 0.488912
v -5.642782 6.749575 5.739055
v -8.101244 5.798371 5.739373
v -4.316432 6.821254 -4.586370
v -5.298240 6.955074 0.376968
v -7.637664 6.217085 0.482419
v -7.392786 6.271741 -0.226191
v -5.224638 6.966932 -0.447011
v -4.357834 6.966300 -4.448218
v -5.870552 6.972903 5.565322
v -8.016540 6.131563 5.565852
v -4.375504 6.942535 -4.449490
v -12.507887 6.765958 -1.946734
v -12.554823 6.753382 -1.809073
v -12.624946 6.737864 -0.869581
v -12.493824 6.783299 -1.797741
v -12.567120 6.767079 -0.815740
v -12.444764 6.796445 -1.941630
v -4.912970 6.993113 0.404176
v -3.418673 7.078116 0.645558
v -5.525424 7.011749 5.948118
v -3.934151 7.107746 6.218624
v -4.541903 8.068790 2.291048
v -4.237998 8.086923 2.328242
v -4.645507 8.058787 3.850609
v -4.387654 8.082893 3.898234
v -4.367775 7.824694 3.895150
v -4.221398 7.871309 2.325667
v -4.525303 7.853178 2.288473
v -4.625628 7.800588 3.847525
v -4.852514 8.043049 3.833904
v -4.706455 8.056280 2.277769
v -4.832634 7.784849 3.830820
v -4.689854 7.840667 2.275194
v -4.082740 8.098724 2.340947
v -4.189944 8.097922 3.914412
v -4.170065 7.839723 3.911329
v -4.066139 7.883111 2.338372
v -4.416582 7.767613 3.890188
v -4.442591 8.131933 3.883166
v -4.568645 7.751549 3.851160
v -4.598736 8.115870 3.866885
v -4.881446 7.727767 3.825918
v -4.909496 8.092088 3.830269
v -4.113088 7.790683 3.915023
v -4.141137 8.155004 3.919374
v -4.285315 7.890975 3.499978
v -4.296743 8.039415 3.501751
v -4.652584 7.858551 3.443461
v -4.664013 8.006991 3.445234
v -4.750169 7.851132 3.435586
v -4.761598 7.999572 3.437359
v -4.197017 7.897687 3.507203
v -4.208446 8.046127 3.508976
v -4.335795 7.831937 3.494846
v -4.355675 8.090137 3.497930
v -4.593648 7.807831 3.447221
v -4.613527 8.066031 3.450305
v -4.800655 7.792092 3.430516
v -4.820534 8.050292 3.433599
v -4.138085 7.846966 3.511024
v -4.157965 8.105165 3.514108
v -4.436687 7.884941 5.772836
v -4.443100 7.968244 5.773831
v -4.868890 7.847581 5.711043
v -4.875304 7.930883 5.712038
v -4.901538 7.845098 5.708408
v -4.907952 7.928401 5.709403
v -4.413320 7.886717 5.774748
v -4.419734 7.970021 5.775743
v -4.466645 7.849905 5.769791
v -4.439594 8.000258 5.772163
v -4.833914 7.817481 5.713274
v -4.879331 7.964745 5.712345
v -4.931499 7.810061 5.705399
v -4.902283 7.960415 5.707748
v -4.378347 7.856616 5.777016
v -4.419038 8.003881 5.776063
v -4.311782 7.913225 4.209470
v -4.318196 7.996528 4.210465
v -4.743986 7.875865 4.147677
v -4.750400 7.959167 4.148672
v -4.776634 7.873383 4.145042
v -4.783048 7.956686 4.146037
v -4.288415 7.915001 4.211382
v -4.294829 7.998305 4.212377
v -4.458403 7.851771 5.666617
v -4.370105 7.858483 5.673842
v -4.414051 8.005012 5.713637
v -4.434607 8.001388 5.709737
v -4.874344 7.965874 5.649919
v -4.897296 7.961545 5.645322
v -4.825672 7.819347 5.610101
v -4.923257 7.811928 5.602225
v -4.845343 7.965921 5.715047
v -4.942928 7.958501 5.707171
v -4.478074 7.998345 5.771564
v -4.389776 8.005057 5.778789
v -4.837101 7.967788 5.611874
v -4.381534 8.006925 5.675615
v -4.469831 8.000212 5.668390
v -4.934686 7.960368 5.603998
v -4.894834 8.040789 5.713253
v -4.897103 8.036459 5.708657
v -4.437113 8.076303 5.773072
v -4.434480 8.079926 5.776972
v -4.894636 8.041918 5.650827
v -4.434204 8.081056 5.714546
v -4.436837 8.077432 5.710646
v -4.896904 8.037588 5.646231
v -4.875964 7.966254 5.609891
v -4.893135 7.964948 5.608505
v -4.886694 7.989182 5.610165
v -4.887378 7.987876 5.608779
v -4.414842 7.997274 5.674454
v -4.433259 7.995875 5.672947
v -4.426715 8.026655 5.674805
v -4.427732 8.025256 5.673298
v -4.317841 8.155642 2.323065
v -4.289791 7.791321 2.318714
v -4.473504 8.148780 2.297918
v -4.445454 7.784460 2.293567
v -4.786304 8.124998 2.272676
v -4.758254 7.760678 2.268324
v -4.014347 8.178712 2.347900
v -3.986297 7.814391 2.343549
v -4.154326 8.027670 2.110152
v -4.148179 7.947830 2.109199
v -4.581415 7.999130 2.062930
v -4.575428 7.921366 2.062002
v -4.620820 7.996135 2.059751
v -4.614832 7.918371 2.058822
v -4.120449 8.030245 2.112925
v -4.114301 7.950406 2.111971
v -4.200135 8.067097 2.107182
v -4.187419 7.901938 2.105210
v -4.542171 8.045023 2.066872
v -4.529615 7.881940 2.064924
v -4.666632 8.035561 2.056828
v -4.654076 7.872478 2.054880
v -4.081209 8.076137 2.116914
v -4.068493 7.910979 2.114941
v -4.178959 8.022091 2.418488
v -4.172812 7.942252 2.417534
v -4.606048 7.993552 2.371266
v -4.600061 7.915788 2.370337
v -4.645452 7.990556 2.368086
v -4.639465 7.912792 2.367157
v -4.145082 8.024666 2.421260
v -4.138934 7.944827 2.420306
v -4.925507 7.962447 5.489100
v -4.827922 7.969867 5.496975
v -4.816493 7.821426 5.495203
v -4.914078 7.814007 5.487327
v -4.360926 7.860562 5.558944
v -4.372355 8.009004 5.560718
v -4.460652 8.002291 5.553492
v -4.449224 7.853850 5.551719
v -4.427996 7.878667 5.553864
v -4.437183 7.876595 5.668762
v -4.445059 7.978884 5.669983
v -4.402761 7.982108 5.673470
v -4.394885 7.879802 5.672248
v -4.849150 7.945050 5.494831
v -4.858320 7.942964 5.609729
v -4.841273 7.842745 5.493608
v -4.850444 7.840675 5.608508
v -4.892859 7.838831 5.489471
v -4.902030 7.836745 5.604370
v -4.909906 7.939049 5.605592
v -4.900734 7.941120 5.490693
v -4.385698 7.881890 5.557351
v -4.393573 7.984179 5.558573
v -4.435872 7.980972 5.555086
v -4.351207 7.862763 5.437289
v -4.362636 8.011205 5.439063
v -4.450933 8.004492 5.431837
v -4.439505 7.856051 5.430064
v -4.915788 7.964648 5.367445
v -4.818203 7.972068 5.375320
v -4.806774 7.823627 5.373548
v -4.904359 7.816208 5.365672
v -4.851509 7.944513 5.524627
v -4.810436 7.991064 5.508749
v -4.395976 7.983639 5.588367
v -4.354872 8.030198 5.572501
v -4.798812 7.994736 5.377280
v -4.784139 7.804154 5.375003
v -4.793865 7.801945 5.496658
v -4.923742 7.793533 5.363713
v -4.933469 7.791339 5.485368
v -4.947637 7.980630 5.497664
v -4.458895 7.833383 5.428105
v -4.468606 7.831175 5.549760
v -4.338291 7.841089 5.560400
v -4.482784 8.020475 5.562046
v -4.903093 7.940582 5.520490
v -4.438275 7.980431 5.584879
v -4.328578 7.843282 5.438745
v -4.343253 8.033880 5.441021
v -4.473568 8.023965 5.430381
v -4.938416 7.984130 5.365990
v -4.908274 7.985731 5.401141
v -4.834105 7.991364 5.407138
v -4.839985 7.989508 5.473649
v -4.912938 7.983958 5.467755
v -4.798940 7.961327 5.409393
v -4.789494 7.836064 5.407880
v -4.793855 7.835029 5.466201
v -4.804959 7.959494 5.474143
v -4.819158 7.801101 5.404891
v -4.893921 7.795409 5.398845
v -4.898450 7.794392 5.455480
v -4.823685 7.800068 5.461526
v -4.928590 7.825485 5.396631
v -4.938434 7.950726 5.398112
v -4.942681 7.949023 5.463014
v -4.933555 7.824412 5.454905
v -4.343377 8.000468 5.473135
v -4.333932 7.875196 5.471622
v -4.338284 7.874169 5.529945
v -4.349397 7.998631 5.537893
v -4.363591 7.840230 5.468608
v -4.429073 7.835259 5.463262
v -4.433593 7.834227 5.519897
v -4.368113 7.839212 5.525243
v -4.443426 8.025567 5.465558
v -4.378542 8.030506 5.470855
v -4.384420 8.028641 5.537371
v -4.448089 8.023804 5.532167
v -4.463742 7.865332 5.461023
v -4.473582 7.990563 5.462504
v -4.477830 7.988866 5.527397
v -4.468695 7.864252 5.519296
v -4.831542 7.958397 5.406443
v -4.905711 7.952765 5.400445
v -4.910375 7.950992 5.467059
v -4.837422 7.956542 5.472953
v -4.375979 7.997540 5.470160
v -4.440863 7.992601 5.464862
v -4.445526 7.990838 5.531471
v -4.381857 7.995675 5.536675
v -4.908056 7.952944 5.400433
v -4.898212 7.827703 5.398952
v -4.903177 7.826630 5.457226
v -4.912303 7.951241 5.465335
v -4.443204 7.992781 5.464825
v -4.433364 7.867549 5.463344
v -4.438317 7.866469 5.521616
v -4.447453 7.991084 5.529718
v -4.896933 7.834523 5.399312
v -4.822169 7.840214 5.405358
v -4.826696 7.839182 5.461994
v -4.901461 7.833506 5.455947
v -4.432084 7.874373 5.463729
v -4.366602 7.879343 5.469075
v -4.371124 7.878326 5.525711
v -4.436604 7.873341 5.520364
v -4.820967 7.833576 5.405169
v -4.830413 7.958839 5.406682
v -4.836432 7.957006 5.471432
v -4.825328 7.832541 5.463490
v -4.365406 7.872708 5.468910
v -4.374850 7.997981 5.470424
v -4.380870 7.996143 5.535182
v -4.369757 7.871681 5.527234
v -4.584259 8.138762 2.392473
v -4.692772 8.110268 3.751941
v -4.799106 8.102022 3.739409
v -4.691890 8.130687 2.383789
v -4.332131 8.141269 3.792527
v -4.223525 8.161925 2.434297
v -4.125183 8.169313 2.442343
v -4.235062 8.148785 3.804188
v -4.688765 8.058535 3.751325
v -4.580252 8.087029 2.391856
v -4.687882 8.078954 2.383173
v -4.795098 8.050289 3.738793
v -4.219518 8.110192 2.433681
v -4.328124 8.089536 3.791911
v -4.231054 8.097052 3.803572
v -4.121176 8.117580 2.441727
v -4.625034 8.082978 2.430088
v -4.726786 8.056270 3.704849
v -4.750463 8.054306 3.702056
v -4.649707 8.081254 2.428100
v -4.283462 8.093310 3.755262
v -4.181383 8.112733 2.478657
v -4.165991 8.113780 2.479914
v -4.269031 8.094538 3.756998
v -4.702406 8.157420 3.633593
v -4.612678 8.180972 2.509465
v -4.634436 8.179452 2.507712
v -4.723286 8.155688 3.631129
v -4.221451 8.207211 2.552294
v -4.311468 8.190084 3.678049
v -4.298743 8.191166 3.679579
v -4.207878 8.208135 2.553403
v -4.419299 8.152015 2.367198
v -4.381588 8.150246 2.373207
v -4.497101 8.128633 3.817484
v -4.534714 8.121325 3.813494
v -4.458025 8.447606 2.304200
v -4.435918 8.446569 2.307723
v -4.525686 8.429615 3.152076
v -4.503636 8.433899 3.154415
v -4.048646 6.899271 11.716124
v -4.048646 6.798770 11.716124
v -4.421221 6.828945 11.697443
v -4.421221 6.869096 11.697443
v -4.044084 6.861218 12.567707
v -4.044084 6.836820 12.567707
v -4.134534 6.853892 12.563171
v -4.134534 6.844145 12.563171
v -0.041109 8.809396 -1.137842
v -0.257002 8.809691 -1.200728
v -0.328634 8.697850 -1.604478
v 0.000000 8.697850 -1.604478
v -0.039853 9.921138 -1.527573
v -0.151863 9.920574 -1.582690
v 0.000000 9.946862 -1.673973
v -0.193062 9.946862 -1.673973
v -0.301520 8.947653 -1.618377
v -0.274405 9.197455 -1.632276
v -0.247291 9.447258 -1.646175
v -0.220176 9.697060 -1.660074
v -0.170616 9.724893 -1.514759
v -0.192963 9.485868 -1.433230
v -0.215427 9.246922 -1.351511
v -0.237976 9.008039 -1.269638
v -0.039909 9.717850 -1.456858
v -0.040427 9.479770 -1.372754
v -0.040826 9.241623 -1.288844
v -0.041139 9.003422 -1.205090
v 0.000000 8.947653 -1.618377
v 0.000000 9.197455 -1.632276
v 0.000000 9.447258 -1.646175
v 0.000000 9.697060 -1.660074
v -0.440399 9.454857 -1.623585
v -0.417825 9.662832 -1.635156
v -0.409655 9.684488 -1.527676
v -0.428689 9.485898 -1.458733
v -0.731814 8.936782 -1.565226
v -0.710803 9.130356 -1.575997
v -0.696607 9.167983 -1.369162
v -0.714323 8.983145 -1.304993
v 0.000000 9.957075 -1.552204
v -0.164774 9.958638 -1.629386
v -0.166871 9.949378 -1.650062
v 0.000000 9.951010 -1.650293
v 0.000000 10.050827 -1.596428
v -0.071331 10.051600 -1.639642
v 0.000000 10.047830 -1.649974
v -0.072368 10.047023 -1.649859
v -0.428287 9.502642 -1.487657
v -0.436422 9.480893 -1.603123
v -0.418635 9.645205 -1.612262
v -0.413221 9.659342 -1.542062
v -0.327219 9.468609 -1.608718
v -0.319084 9.490357 -1.493252
v -0.304017 9.647058 -1.547657
v -0.309432 9.632921 -1.617857
v -0.318616 9.509879 -1.526974
v -0.322582 9.498964 -1.584861
v -0.310376 9.612370 -1.591166
v -0.308175 9.617740 -1.564429
v -0.502927 9.519251 -1.575621
v -0.498960 9.530166 -1.517734
v -0.488519 9.638026 -1.555189
v -0.490720 9.632657 -1.581925
v -0.713551 9.008708 -1.348679
v -0.726000 8.975619 -1.534388
v -0.712184 9.103268 -1.541489
v -0.701825 9.130639 -1.391012
v -0.583766 8.959719 -1.541178
v -0.571317 8.992807 -1.355469
v -0.559591 9.114738 -1.397802
v -0.569950 9.087367 -1.548279
v -0.570834 9.008776 -1.382758
v -0.580134 8.983979 -1.521915
v -0.570813 9.070446 -1.526722
v -0.562851 9.091411 -1.411451
v -0.784969 9.006879 -1.512136
v -0.775669 9.031675 -1.372979
v -0.767686 9.114310 -1.401673
v -0.775647 9.093346 -1.516944
v -0.290382 9.210425 -1.355210
v -0.307191 9.035046 -1.294324
v -0.680463 9.014179 -1.313564
v -0.668066 9.143527 -1.358469
v -0.288666 9.201905 -1.379277
v -0.305475 9.026525 -1.318391
v -0.666349 9.135007 -1.382536
v -0.678746 9.005659 -1.337631
v -0.233070 9.699112 -1.523714
v -0.251780 9.503901 -1.455944
v -0.406449 9.504975 -1.464303
v -0.390768 9.668582 -1.521101
v -0.232052 9.692164 -1.543446
v -0.250762 9.496954 -1.475676
v -0.389750 9.661634 -1.540833
v -0.405431 9.498028 -1.484035
v 0.000000 8.768952 -1.110584
v -0.301810 8.768952 -1.199744
v 0.000000 9.961600 -1.524627
v -0.187501 9.961600 -1.613787
v -0.278948 9.007483 -1.282552
v 0.000000 9.007483 -1.193393
v -0.210363 9.723071 -1.530978
v -0.233225 9.484541 -1.448169
v -0.256086 9.246012 -1.365361
v 0.000000 9.723071 -1.441819
v 0.000000 9.484541 -1.359010
v 0.000000 9.246012 -1.276201
v -0.223108 8.993401 -1.309750
v -0.026271 8.988784 -1.245201
v -0.200558 9.232285 -1.391622
v -0.025958 9.226985 -1.328955
v -0.178094 9.471231 -1.473342
v -0.025558 9.465132 -1.412865
v -0.155748 9.710255 -1.554870
v -0.025041 9.703212 -1.496969
v -0.026241 8.794758 -1.177953
v -0.242134 8.795053 -1.240840
v -0.024985 9.906500 -1.567684
v -0.136994 9.905936 -1.622801
v -2.042461 8.353467 -0.268637
v -2.074478 8.291586 -0.185522
v -1.663751 8.427631 -0.234635
v -1.717971 8.322838 -0.093881
v -2.133179 8.422614 -1.060767
v -2.140600 8.408271 -1.041503
v -1.847052 8.478647 -1.035077
v -1.871248 8.431883 -0.972265
v -1.529528 8.391504 -0.794057
v -1.145001 8.425212 -0.695213
v -1.237188 8.180861 -1.693061
v -1.607406 8.185081 -1.637020
v -1.036437 8.602219 -1.590634
v -1.437815 8.541037 -1.550491
v -0.990715 8.723409 -1.095738
v -1.399190 8.643415 -1.132412
v -1.538800 8.365665 -0.749176
v -1.158659 8.434609 -0.645282
v -1.244267 8.154119 -1.737814
v -1.611999 8.140135 -1.663976
v -1.045865 8.644328 -1.620731
v -1.446950 8.575704 -1.588997
v -1.001393 8.774317 -1.087846
v -1.409957 8.694021 -1.122870
v -1.759694 8.518159 -0.857603
v -1.711723 8.472895 -0.546119
v -2.211898 8.374944 -0.591027
v -2.381334 8.396420 -0.913417
v -2.254183 8.293216 -0.481254
v -2.433888 8.294846 -0.776987
v -1.848693 8.346144 -0.626561
v -1.783332 8.334491 -0.360221
v -4.884950 7.971633 4.981428
v -4.854112 7.978618 4.595410
v -4.823274 7.985602 4.209394
v -4.792436 7.992587 3.823376
v -4.694851 8.000007 3.831251
v -4.725689 7.993022 4.217268
v -4.756527 7.986037 4.603286
v -4.787365 7.979053 4.989303
v -4.683422 7.851566 3.829479
v -4.714260 7.844582 4.215496
v -4.745098 7.837597 4.601513
v -4.775936 7.830612 4.987530
v -4.781007 7.844147 3.821603
v -4.811845 7.837162 4.207621
v -4.842683 7.830178 4.593638
v -4.873521 7.823193 4.979655
v -4.320369 7.869748 5.051272
v -4.289531 7.876733 4.665255
v -4.258693 7.883718 4.279237
v -4.227855 7.890702 3.893220
v -4.331798 8.018189 5.053045
v -4.300960 8.025174 4.667028
v -4.270122 8.032159 4.281011
v -4.239284 8.039143 3.894993
v -4.420095 8.011477 5.045820
v -4.389257 8.018461 4.659802
v -4.358419 8.025446 4.273785
v -4.327581 8.032431 3.887768
v -4.316153 7.883990 3.885995
v -4.346991 7.877006 4.272012
v -4.377829 7.870021 4.658030
v -4.408667 7.863036 5.044047
v -4.937265 8.016641 4.978063
v -4.906411 8.023644 4.592047
v -4.875589 8.030610 4.206028
v -4.844735 8.037614 3.820013
v -4.650035 8.052399 3.835780
v -4.680892 8.045430 4.221796
v -4.711711 8.038429 4.607814
v -4.742568 8.031461 4.993830
v -4.631107 7.806558 3.832844
v -4.661961 7.799555 4.218859
v -4.692783 7.792589 4.604878
v -4.723637 7.785585 4.990893
v -4.825805 7.791739 3.817076
v -4.856661 7.784770 4.203093
v -4.887481 7.777770 4.589111
v -4.918337 7.770801 4.975127
v -4.268054 7.824740 5.054637
v -4.237232 7.831706 4.668618
v -4.206378 7.838709 4.282602
v -4.175556 7.845675 3.896584
v -4.286982 8.070582 5.057573
v -4.256163 8.077582 4.671555
v -4.225306 8.084551 4.285539
v -4.194487 8.091551 3.899520
v -4.472394 8.056503 5.042457
v -4.441573 8.063469 4.656437
v -4.410718 8.070473 4.270422
v -4.379897 8.077438 3.884403
v -4.360969 7.831598 3.881467
v -4.391788 7.824597 4.267485
v -4.422645 7.817628 4.653502
v -4.453464 7.810628 5.039520
vt 0.247365 0.252286
vt 0.260479 0.252286
vt 0.260479 0.252286
vt 0.247365 0.252286
vt 0.260479 0.265400
vt 0.260479 0.252286
vt 0.260479 0.252286
vt 0.260479 0.265400
vt 0.253922 0.265400
vt 0.247365 0.265400
vt 0.247365 0.252286
vt 0.253922 0.252286
vt 0.260479 0.265400
vt 0.260479 0.265400
vt 0.260479 0.265400
vt 0.260479 0.265400
vt 0.260479 0.252286
vt 0.260479 0.252286
vt 0.260479 0.265400
vt 0.260479 0.252286
vt 0.260479 0.252286
vt 0.260479 0.265400
vt 0.247365 0.265400
vt 0.247365 0.265400
vt 0.247365 0.265400
vt 0.742792 0.695227
vt 0.742792 0.695227
vt 0.742792 0.695227
vt 0.742792 0.695227
vt 0.247365 0.252286
vt 0.260479 0.252286
vt 0.260479 0.252286
vt 0.260479 0.252286
vt 0.260479 0.252286
vt 0.260479 0.252286
vt 0.247365 0.252286
vt 0.247365 0.252286
vt 0.260479 0.252286
vt 0.247365 0.265400
vt 0.260479 0.265400
vt 0.260479 0.265400
vt 0.247365 0.265400
vt 0.247365 0.252286
vt 0.247365 0.265400
vt 0.247365 0.265400
vt 0.247365 0.252286
vt 0.247365 0.252286
vt 0.247365 0.265400
vt 0.247365 0.265400
vt 0.247365 0.252286
vt 0.260479 0.252286
vt 0.260479 0.265400
vt 0.247365 0.252286
vt 0.260479 0.252286
vt 0.247365 0.252286
vt 0.247365 0.252286
vt 0.247365 0.252286
vt 0.247365 0.252286
vt 0.260479 0.252286
vt 0.260479 0.252286
vt 0.260479 0.252286
vt 0.260479 0.252286
vt 0.260479 0.265400
vt 0.260479 0.265400
vt 0.260479 0.252286
vt 0.260479 0.252286
vt 0.260479 0.252286
vt 0.260479 0.252286
vt 0.247365 0.252286
vt 0.253922 0.252286
vt 0.247365 0.252286
vt 0.247365 0.252286
vt 0.247365 0.252286
vt 0.247365 0.252286
vt 0.260479 0.265400
vt 0.247365 0.265400
vt 0.247365 0.265400
vt 0.260479 0.265400
vt 0.260479 0.265400
vt 0.247365 0.265400
vt 0.247365 0.265400
vt 0.260479 0.265400
vt 0.260479 0.265400
vt 0.260479 0.265400
vt 0.254691 0.252286
vt 0.254944 0.252286
vt 0.254944 0.252286
vt 0.254691 0.252286
vt 0.260479 0.265400
vt 0.260479 0.265400
vt 0.260479 0.252286
vt 0.247365 0.252286
vt 0.260479 0.265400
vt 0.253922 0.265400
vt 0.253922 0.265400
vt 0.253922 0.265400
vt 0.247365 0.265400
vt 0.247365 0.252286
vt 0.247365 0.252286
vt 0.247365 0.265400
vt 0.247365 0.265400
vt 0.247365 0.252286
vt 0.260479 0.265400
vt 0.247365 0.265400
vt 0.247365 0.265400
vt 0.260479 0.265400
vt 0.260479 0.265400
vt 0.247365 0.265400
vt 0.247365 0.252286
vt 0.260479 0.252286
vt 0.260479 0.252286
vt 0.247365 0.252286
vt 0.247365 0.252286
vt 0.260479 0.252286
vt 0.260479 0.252286
vt 0.260479 0.265400
vt 0.260479 0.265400
vt 0.260479 0.252286
vt 0.260479 0.252286
vt 0.260479 0.265400
vt 0.255890 0.265400
vt 0.251954 0.265400
vt 0.251954 0.265400
vt 0.255890 0.265400
vt 0.247365 0.265400
vt 0.260479 0.265400
vt 0.260479 0.265400
vt 0.247365 0.265400
vt 0.247365 0.265400
vt 0.260479 0.265400
vt 0.260479 0.265400
vt 0.247365 0.265400
vt 0.247365 0.252286
vt 0.247365 0.252286
vt 0.247365 0.252286
vt 0.247365 0.252286
vt 0.247365 0.252286
vt 0.247365 0.252286
vt 0.260479 0.252286
vt 0.247365 0.252286
vt 0.247365 0.252286
vt 0.260479 0.252286
vt 0.247365 0.252286
vt 0.260479 0.252286
vt 0.260479 0.252286
vt 0.247365 0.252286
vt 0.247365 0.252286
vt 0.247365 0.252286
vt 0.247365 0.252286
vt 0.247365 0.252286
vt 0.247365 0.252286
vt 0.247365 0.252286
vt 0.260479 0.265400
vt 0.247365 0.265400
vt 0.260479 0.252286
vt 0.260479 0.252286
vt 0.260479 0.252286
vt 0.260479 0.252286
vt 0.260479 0.265400
vt 0.260479 0.265400
vt 0.260479 0.265400
vt 0.260479 0.265400
vt 0.247365 0.252286
vt 0.260479 0.252286
vt 0.247365 0.252286
vt 0.260479 0.252286
vt 0.247365 0.265400
vt 0.247365 0.265400
vt 0.247365 0.265400
vt 0.260479 0.265400
vt 0.260479 0.265400
vt 0.247365 0.265400
vt 0.247365 0.265400
vt 0.260479 0.265400
vt 0.260479 0.265728
vt 0.260479 0.265728
vt 0.260479 0.265400
vt 0.260479 0.265400
vt 0.247365 0.265400
vt 0.247365 0.252286
vt 0.260479 0.252286
vt 0.260479 0.265400
vt 0.247365 0.265400
vt 0.260479 0.252286
vt 0.260479 0.252286
vt 0.260479 0.252286
vt 0.260479 0.252286
vt 0.247365 0.252286
vt 0.247365 0.252286
vt 0.247365 0.252286
vt 0.247365 0.252286
vt 0.247365 0.265400
vt 0.247365 0.265400
vt 0.247365 0.252286
vt 0.247365 0.252286
vt 0.247365 0.252286
vt 0.247365 0.252286
vt 0.247365 0.252286
vt 0.736235 0.695227
vt 0.736235 0.695227
vt 0.260479 0.265400
vt 0.253922 0.265400
vt 0.736235 0.695227
vt 0.260479 0.265400
vt 0.247365 0.265400
vt 0.247365 0.258843
vt 0.260479 0.258843
vt 0.255910 0.252286
vt 0.255910 0.252286
vt 0.260479 0.252286
vt 0.260479 0.252286
vt 0.260479 0.265400
vt 0.260479 0.265400
vt 0.260479 0.265400
vt 0.260479 0.265400
vt 0.247365 0.252286
vt 0.247365 0.252286
vt 0.247365 0.252286
vt 0.247365 0.252286
vt 0.253922 0.252286
vt 0.247365 0.252286
vt 0.247365 0.252286
vt 0.247365 0.252286
vt 0.247365 0.252286
vt 0.247365 0.252286
vt 0.253922 0.252286
vt 0.253922 0.252286
vt 0.253922 0.252286
vt 0.260479 0.265400
vt 0.260479 0.265400
vt 0.253922 0.252286
vt 0.247365 0.252286
vt 0.247365 0.252286
vt 0.253922 0.252286
vt 0.260479 0.265400
vt 0.260479 0.265400
vt 0.260479 0.265400
vt 0.260479 0.265400
vt 0.764385 0.761494
vt 0.764385 0.761494
vt 0.764385 0.761494
vt 0.764385 0.761494
vt 0.757828 0.748380
vt 0.751271 0.748380
vt 0.751271 0.748380
vt 0.757828 0.748380
vt 0.764385 0.754937
vt 0.764385 0.754937
vt 0.764385 0.761494
vt 0.764385 0.761494
vt 0.260479 0.258843
vt 0.260479 0.258843
vt 0.260479 0.265400
vt 0.260479 0.258843
vt 0.260479 0.265400
vt 0.260479 0.258843
vt 0.260479 0.265400
vt 0.260479 0.265400
vt 0.260479 0.265400
vt 0.260479 0.265400
vt 0.260479 0.265400
vt 0.260479 0.265400
vt 0.260479 0.265400
vt 0.260479 0.258843
vt 0.260479 0.258843
vt 0.748760 0.263744
vt 0.748760 0.269306
vt 0.748760 0.269306
vt 0.748760 0.263744
vt 0.260479 0.265400
vt 0.260479 0.265400
vt 0.748760 0.269306
vt 0.748760 0.269673
vt 0.748760 0.269673
vt 0.748760 0.269306
vt 0.253922 0.252286
vt 0.247365 0.252286
vt 0.247365 0.252286
vt 0.253922 0.252286
vt 0.748760 0.269306
vt 0.748760 0.269306
vt 0.748760 0.269306
vt 0.748760 0.269306
vt 0.260479 0.265400
vt 0.748760 0.269306
vt 0.748760 0.269306
vt 0.748760 0.269306
vt 0.748760 0.269306
vt 0.748760 0.263741
vt 0.748760 0.263741
vt 0.260479 0.265400
vt 0.260479 0.265400
vt 0.748760 0.269306
vt 0.748760 0.269306
vt 0.748760 0.269306
vt 0.748760 0.269306
vt 0.247365 0.252286
vt 0.247365 0.252286
vt 0.247365 0.252286
vt 0.247365 0.252286
vt 0.247365 0.252286
vt 0.247365 0.252286
vt 0.247365 0.252286
vt 0.247365 0.252286
vt 0.247365 0.252286
vt 0.247365 0.252286
vt 0.247365 0.252286
vt 0.247365 0.252286
vt 0.247365 0.252286
vt 0.247365 0.252286
vt 0.887168 0.267051
vt 0.887168 0.267051
vt 0.887168 0.267051
vt 0.887168 0.267051
vt 0.887168 0.267051
vt 0.887168 0.267051
vt 0.650933 0.242443
vt 0.650933 0.242443
vt 0.650933 0.242443
vt 0.650933 0.242443
vt 0.247365 0.252286
vt 0.247365 0.252286
vt 0.887168 0.267051
vt 0.887168 0.267051
vt 0.887168 0.267051
vt 0.887168 0.267051
vt 0.650933 0.242443
vt 0.650933 0.242443
vt 0.650933 0.242443
vt 0.650933 0.242443
vt 0.247365 0.252286
vt 0.247365 0.252286
vt 0.247365 0.252286
vt 0.247365 0.252286
vt 0.650933 0.242443
vt 0.650933 0.242443
vt 0.650933 0.242443
vt 0.650933 0.242443
vt 0.887168 0.267051
vt 0.887168 0.267051
vt 0.887168 0.267051
vt 0.887168 0.267051
vt 0.887168 0.267051
vt 0.887168 0.267051
vt 0.887168 0.267051
vt 0.887168 0.267051
vt 0.887168 0.267051
vt 0.887168 0.267051
vt 0.887168 0.267051
vt 0.670619 0.759208
vt 0.670619 0.759208
vt 0.670619 0.759208
vt 0.670619 0.759208
vt 0.670619 0.759208
vt 0.670619 0.759208
vt 0.670619 0.759208
vt 0.670619 0.759208
vt 0.887168 0.267051
vt 0.887168 0.267051
vt 0.887168 0.267051
vt 0.650933 0.242443
vt 0.650933 0.242443
vt 0.650933 0.242443
vt 0.650933 0.242443
vt 0.650933 0.242443
vt 0.650933 0.242443
vt 0.650933 0.242443
vt 0.650933 0.242443
vt 0.650933 0.242443
vt 0.734600 0.798580
vt 0.734600 0.798580
vt 0.734600 0.798580
vt 0.734600 0.798580
vt 0.734600 0.798580
vt 0.734600 0.798580
vt 0.734600 0.798580
vt 0.734600 0.798580
vt 0.650933 0.242443
vt 0.650933 0.242443
vt 0.650933 0.242443
vt 0.260479 0.258843
vt 0.247365 0.258843
vt 0.247365 0.252286
vt 0.260479 0.252286
vt 0.247365 0.258843
vt 0.247365 0.252286
vt 0.253922 0.265400
vt 0.247365 0.265400
vt 0.260479 0.252286
vt 0.260479 0.265400
vt 0.260479 0.252286
vt 0.254377 0.265400
vt 0.254377 0.252938
vt 0.254377 0.252938
vt 0.254377 0.265400
vt 0.260479 0.265400
vt 0.260479 0.265400
vt 0.260479 0.265400
vt 0.260479 0.265400
vt 0.260479 0.252286
vt 0.260479 0.252286
vt 0.260479 0.252286
vt 0.260479 0.252286
vt 0.260479 0.252286
vt 0.260479 0.252286
vt 0.258885 0.796929
vt 0.258942 0.796929
vt 0.258942 0.796929
vt 0.258885 0.796929
vt 0.253922 0.265400
vt 0.260479 0.265400
vt 0.260007 0.265400
vt 0.259903 0.265400
vt 0.259903 0.265400
vt 0.260007 0.265400
vt 0.260479 0.265400
vt 0.260479 0.265400
vt 0.260479 0.265400
vt 0.260479 0.265400
vt 0.260479 0.265400
vt 0.260479 0.265400
vt 0.260479 0.265400
vt 0.260479 0.265400
vt 0.305958 0.283536
vt 0.305958 0.296650
vt 0.305958 0.296650
vt 0.305958 0.283536
vt 0.305958 0.283536
vt 0.305958 0.283536
vt 0.319072 0.283536
vt 0.319072 0.283536
vt 0.319072 0.283536
vt 0.319072 0.283536
vt 0.319072 0.296650
vt 0.305958 0.296650
vt 0.305958 0.296650
vt 0.319072 0.296650
vt 0.305958 0.283536
vt 0.319072 0.283536
vt 0.319072 0.283536
vt 0.305958 0.283536
vt 0.319072 0.296650
vt 0.319072 0.296650
vt 0.247365 0.252286
vt 0.247365 0.252286
vt 0.247365 0.252286
vt 0.260479 0.252286
vt 0.260479 0.252286
vt 0.247365 0.265400
vt 0.247365 0.265400
vt 0.260479 0.265400
vt 0.260479 0.265400
vt 0.247365 0.265400
vt 0.247365 0.265400
vt 0.247365 0.252286
vt 0.260479 0.265400
vt 0.260479 0.265400
vt 0.260479 0.265400
vt 0.260479 0.265400
vt 0.260479 0.265400
vt 0.260479 0.265400
vt 0.260479 0.265400
vt 0.260479 0.265400
vt 0.260479 0.265400
vt 0.260479 0.265400
vt 0.260479 0.265400
vt 0.260479 0.265400
vt 0.322979 0.771817
vt 0.309865 0.771817
vt 0.309865 0.771817
vt 0.322979 0.771817
vt 0.260479 0.252286
vt 0.247365 0.252286
vt 0.247365 0.252286
vt 0.260479 0.252286
vt 0.285086 0.734600
vt 0.271972 0.734600
vt 0.271972 0.734600
vt 0.285086 0.734600
vt 0.309865 0.771817
vt 0.309865 0.771817
vt 0.309865 0.771817
vt 0.309865 0.771817
vt 0.247365 0.252286
vt 0.247365 0.252286
vt 0.247365 0.252286
vt 0.247365 0.252286
vt 0.271972 0.734600
vt 0.271972 0.734600
vt 0.271972 0.734600
vt 0.271972 0.734600
vt 0.309865 0.771817
vt 0.309865 0.771817
vt 0.247365 0.252286
vt 0.247365 0.252286
vt 0.271972 0.734600
vt 0.271972 0.734600
vt 0.309865 0.784931
vt 0.322979 0.784931
vt 0.322979 0.784931
vt 0.309865 0.784931
vt 0.247365 0.265400
vt 0.260479 0.265400
vt 0.260479 0.265400
vt 0.247365 0.265400
vt 0.271972 0.747714
vt 0.285086 0.747714
vt 0.285086 0.747714
vt 0.271972 0.747714
vt 0.322979 0.771817
vt 0.322979 0.771817
vt 0.322979 0.771817
vt 0.322979 0.771817
vt 0.260479 0.252286
vt 0.260479 0.252286
vt 0.260479 0.252286
vt 0.260479 0.252286
vt 0.285086 0.734600
vt 0.285086 0.734600
vt 0.285086 0.734600
vt 0.285086 0.734600
vt 0.322979 0.771817
vt 0.322979 0.771817
vt 0.260479 0.252286
vt 0.260479 0.252286
vt 0.285086 0.734600
vt 0.285086 0.734600
vt 0.260479 0.252286
vt 0.260479 0.252286
vt 0.260479 0.252286
vt 0.260479 0.265400
vt 0.260479 0.252286
vt 0.260479 0.252286
vt 0.260479 0.265400
vt 0.651104 0.234162
vt 0.651104 0.234151
vt 0.651104 0.234151
vt 0.651104 0.234162
vt 0.651103 0.234959
vt 0.651103 0.221036
vt 0.651103 0.221036
vt 0.651103 0.234959
vt 0.651104 0.221036
vt 0.651104 0.221036
vt 0.260479 0.252286
vt 0.260479 0.252286
vt 0.254691 0.252286
vt 0.253922 0.252286
vt 0.260479 0.252286
vt 0.254665 0.252286
vt 0.260479 0.252286
vt 0.253922 0.252286
vt 0.746878 0.752286
vt 0.752666 0.752286
vt 0.752666 0.752286
vt 0.746852 0.752286
vt 0.752666 0.752286
vt 0.752666 0.752286
vt 0.254665 0.252286
vt 0.260479 0.252286
vt 0.254691 0.252286
vt 0.259706 0.252286
vt 0.259215 0.252286
vt 0.253922 0.252286
vt 0.253922 0.252286
vt 0.258305 0.252286
vt 0.253922 0.252286
vt 0.813863 0.221036
vt 0.814301 0.221036
vt 0.814301 0.221036
vt 0.813863 0.221036
vt 0.815331 0.221036
vt 0.815331 0.221036
vt 0.259706 0.252286
vt 0.259215 0.252286
vt 0.746586 0.603849
vt 0.747497 0.603849
vt 0.747497 0.603849
vt 0.746586 0.603849
vt 0.873098 0.701505
vt 0.875492 0.701505
vt 0.875492 0.701505
vt 0.873098 0.701505
vt 0.817708 0.221036
vt 0.816729 0.221036
vt 0.817809 0.221036
vt 0.818300 0.221036
vt 0.813285 0.221036
vt 0.813538 0.221036
vt 0.815581 0.221036
vt 0.814504 0.221036
vt 0.816898 0.221036
vt 0.372395 0.623380
vt 0.368551 0.623380
vt 0.368988 0.623380
vt 0.371417 0.623380
vt 0.370019 0.623380
vt 0.370269 0.623380
vt 0.817708 0.221036
vt 0.816729 0.221036
vt 0.815581 0.221036
vt 0.260023 0.252938
vt 0.253922 0.265400
vt 0.254485 0.265400
vt 0.260479 0.265400
vt 0.253922 0.265400
vt 0.267819 0.745869
vt 0.262190 0.745869
vt 0.262190 0.733407
vt 0.267835 0.733407
vt 0.267716 0.745869
vt 0.262297 0.745869
vt 0.260023 0.252938
vt 0.254485 0.265400
vt 0.741517 0.256192
vt 0.741521 0.256193
vt 0.741521 0.256193
vt 0.741517 0.256192
vt 0.748760 0.269306
vt 0.748760 0.269306
vt 0.748760 0.269306
vt 0.748760 0.269306
vt 0.742203 0.256193
vt 0.735646 0.256193
vt 0.735646 0.256193
vt 0.742203 0.256192
vt 0.748760 0.269306
vt 0.748760 0.269306
vt 0.748760 0.262750
vt 0.748760 0.262749
vt 0.748760 0.262749
vt 0.748760 0.269306
vt 0.748760 0.269306
vt 0.748760 0.269306
vt 0.748760 0.269306
vt 0.748760 0.269306
vt 0.735631 0.256193
vt 0.735646 0.256193
vt 0.742203 0.256193
vt 0.748760 0.269306
vt 0.748760 0.269306
vt 0.735660 0.256192
vt 0.748760 0.269306
vt 0.268291 0.726704
vt 0.268291 0.720772
vt 0.268291 0.720775
vt 0.268291 0.726338
vt 0.268291 0.726338
vt 0.268291 0.726338
vt 0.268291 0.726338
vt 0.268291 0.726338
vt 0.261053 0.713224
vt 0.255192 0.713224
vt 0.255163 0.713224
vt 0.261048 0.713224
vt 0.268291 0.726338
vt 0.268291 0.726338
vt 0.268291 0.726338
vt 0.268291 0.726338
vt 0.748760 0.269306
vt 0.735660 0.256192
vt 0.735631 0.256193
vt 0.748760 0.269306
vt 0.748760 0.269306
vt 0.272197 0.253682
vt 0.272197 0.240568
vt 0.272197 0.240568
vt 0.272197 0.253682
vt 0.260479 0.265400
vt 0.260479 0.252286
vt 0.260479 0.252286
vt 0.260479 0.265400
vt 0.259083 0.240568
vt 0.272197 0.240568
vt 0.272197 0.240568
vt 0.259083 0.240568
vt 0.247365 0.252286
vt 0.260479 0.252286
vt 0.260479 0.252286
vt 0.247365 0.252286
vt 0.272197 0.253682
vt 0.259083 0.253682
vt 0.259083 0.253682
vt 0.272197 0.253682
vt 0.260479 0.265400
vt 0.247365 0.265400
vt 0.247365 0.265400
vt 0.260479 0.265400
vt 0.272197 0.240568
vt 0.272197 0.240568
vt 0.260479 0.252286
vt 0.260479 0.252286
vt 0.259083 0.240568
vt 0.259083 0.240568
vt 0.259083 0.240567
vt 0.259083 0.240567
vt 0.247365 0.252286
vt 0.247365 0.252286
vt 0.247365 0.252286
vt 0.247365 0.252286
vt 0.259083 0.253682
vt 0.259083 0.253682
vt 0.247365 0.265400
vt 0.247365 0.265400
vt 0.247365 0.252286
vt 0.247365 0.252286
vt 0.251271 0.615567
vt 0.251271 0.615567
vt 0.251271 0.615567
vt 0.251271 0.615567
vt 0.247365 0.252286
vt 0.247365 0.252286
vt 0.247365 0.252286
vt 0.247365 0.252286
vt 0.270802 0.748380
vt 0.270802 0.748380
vt 0.270802 0.748380
vt 0.270802 0.748380
vt 0.247365 0.265400
vt 0.247365 0.265400
vt 0.251271 0.628681
vt 0.251271 0.628681
vt 0.251271 0.628681
vt 0.251271 0.628681
vt 0.247365 0.265400
vt 0.247365 0.265400
vt 0.247365 0.265400
vt 0.247365 0.265400
vt 0.270802 0.761494
vt 0.270802 0.761494
vt 0.270802 0.761494
vt 0.270802 0.761494
vt 0.260479 0.265400
vt 0.260479 0.252286
vt 0.260479 0.252286
vt 0.260479 0.265400
vt 0.264385 0.628681
vt 0.264385 0.615568
vt 0.264385 0.615568
vt 0.264385 0.628681
vt 0.260479 0.265400
vt 0.260479 0.252286
vt 0.260479 0.252286
vt 0.260479 0.265400
vt 0.283916 0.761494
vt 0.283916 0.748380
vt 0.283916 0.748380
vt 0.283916 0.761494
vt 0.247365 0.252286
vt 0.251271 0.615567
vt 0.251271 0.615567
vt 0.247365 0.252286
vt 0.247365 0.252286
vt 0.270802 0.748380
vt 0.270802 0.748380
vt 0.260479 0.252286
vt 0.260479 0.252286
vt 0.264385 0.615567
vt 0.264385 0.615567
vt 0.260479 0.252286
vt 0.260479 0.252286
vt 0.283916 0.748380
vt 0.283916 0.748380
vt 0.651104 0.234150
vt 0.651103 0.234478
vt 0.651104 0.221036
vt 0.651104 0.234178
vt 0.651103 0.221036
vt 0.651104 0.221036
vt 0.651104 0.234150
vt 0.651104 0.221036
vt 0.651104 0.221036
vt 0.651104 0.221036
vt 0.651104 0.234150
vt 0.444072 0.652928
vt 0.444072 0.639005
vt 0.444072 0.639005
vt 0.444072 0.652147
vt 0.444072 0.639005
vt 0.444072 0.639005
vt 0.444072 0.652131
vt 0.444072 0.652120
vt 0.651103 0.221036
vt 0.651104 0.221036
vt 0.651104 0.234178
vt 0.260479 0.265400
vt 0.260479 0.252286
vt 0.260479 0.265400
vt 0.260479 0.252286
vt 0.247365 0.252286
vt 0.247365 0.265400
vt 0.247365 0.265400
vt 0.260479 0.252286
vt 0.260479 0.252286
vt 0.260479 0.252286
vt 0.260479 0.252286
vt 0.260479 0.252286
vt 0.260479 0.252286
vt 0.260479 0.252286
vt 0.260479 0.252286
vt 0.260479 0.252286
vt 0.260479 0.252286
vt 0.260479 0.252286
vt 0.260479 0.252286
vt 0.260479 0.252286
vt 0.260479 0.252286
vt 0.260479 0.252286
vt 0.260479 0.252286
vt 0.260479 0.252286
vt 0.260479 0.252286
vt 0.260479 0.252286
vt 0.260479 0.252286
vt 0.260479 0.252286
vt 0.260479 0.252286
vt 0.260479 0.252286
vt 0.260479 0.252286
vt 0.260479 0.252286
vt 0.260479 0.252286
vt 0.260479 0.252286
vt 0.260479 0.252286
vt 0.260479 0.252286
vt 0.260479 0.252286
vt 0.260479 0.252286
vt 0.260479 0.252286
vt 0.260479 0.252286
vt 0.260479 0.252286
vt 0.260479 0.252286
vt 0.260479 0.252286
vt 0.260479 0.252286
vt 0.260479 0.252286
vt 0.260479 0.252286
vt 0.260479 0.252286
vt 0.260479 0.252286
vt 0.260479 0.252286
vt 0.260479 0.252286
vt 0.260479 0.252286
vt 0.260479 0.252286
vt 0.260479 0.252286
vt 0.260479 0.252286
vt 0.260479 0.252286
vt 0.260479 0.252286
vt 0.260479 0.252286
vt 0.260479 0.252286
vt 0.260479 0.252286
vt 0.260479 0.252286
vt 0.260479 0.252286
vt 0.260479 0.252286
vt 0.260479 0.252286
vt 0.260479 0.252286
vt 0.260479 0.252286
vt 0.260479 0.252286
vt 0.260479 0.252286
vt 0.260479 0.252286
vt 0.260479 0.252286
vt 0.260479 0.252286
vt 0.260479 0.252286
vt 0.260479 0.252286
vt 0.260479 0.252286
vt 0.260479 0.252286
vt 0.260479 0.252286
vt 0.260479 0.252286
vt 0.260479 0.252286
vt 0.260479 0.252286
vt 0.260479 0.252286
vt 0.260479 0.252286
vt 0.260479 0.252286
vt 0.260479 0.252286
vt 0.260479 0.252286
vt 0.260479 0.252286
vt 0.260479 0.252286
vt 0.260479 0.252286
vt 0.260479 0.252286
vt 0.260479 0.252286
vt 0.260479 0.252286
vt 0.260479 0.252286
vt 0.260479 0.252286
vt 0.260479 0.252286
vt 0.260479 0.252286
vt 0.260479 0.252286
vt 0.260479 0.252286
vt 0.260479 0.252286
vt 0.260479 0.252286
vt 0.260479 0.252286
vt 0.260479 0.252286
vt 0.260479 0.252286
vt 0.260479 0.252286
vt 0.260479 0.252286
vt 0.260479 0.252286
vt 0.260479 0.252286
vt 0.260479 0.252286
vt 0.260479 0.252286
vt 0.260479 0.252286
vt 0.260479 0.252286
vt 0.260479 0.252286
vt 0.260479 0.252286
vt 0.260479 0.252286
vt 0.260479 0.252286
vt 0.260479 0.252286
vt 0.260479 0.252286
vt 0.260479 0.252286
vt 0.260479 0.252286
vt 0.260479 0.252286
vt 0.260479 0.252286
vt 0.260479 0.252286
vt 0.260479 0.252286
vt 0.260479 0.252286
vt 0.260479 0.252286
vt 0.260479 0.252286
vt 0.260479 0.252286
vt 0.260479 0.252286
vt 0.260479 0.252286
vt 0.260479 0.252286
vt 0.260479 0.252286
vt 0.260479 0.252286
vt 0.260479 0.252286
vt 0.260479 0.252286
vt 0.260479 0.252286
vt 0.260479 0.252286
vt 0.260479 0.252286
vt 0.260479 0.252286
vt 0.260479 0.252286
vt 0.260479 0.252286
vt 0.260479 0.252286
vt 0.260479 0.252286
vt 0.260479 0.252286
vt 0.260479 0.252286
vt 0.260479 0.252286
vt 0.260479 0.252286
vt 0.260479 0.252286
vt 0.260479 0.252286
vt 0.260479 0.252286
vt 0.260479 0.252286
vt 0.260479 0.252286
vt 0.260479 0.252286
vt 0.260479 0.252286
vt 0.260479 0.252286
vt 0.260479 0.252286
vt 0.260479 0.252286
vt 0.260479 0.252286
vt 0.260479 0.252286
vt 0.260479 0.252286
vt 0.260479 0.252286
vt 0.260479 0.252286
vt 0.260479 0.252286
vt 0.260479 0.252286
vt 0.260479 0.252286
vt 0.260479 0.252286
vt 0.260479 0.252286
vt 0.260479 0.252286
vt 0.260479 0.252286
vt 0.260479 0.252286
vt 0.260479 0.252286
vt 0.260479 0.252286
vt 0.260479 0.252286
vt 0.260479 0.252286
vt 0.260479 0.252286
vt 0.260479 0.252286
vt 0.260479 0.252286
vt 0.260479 0.252286
vt 0.260479 0.252286
vt 0.260479 0.252286
vt 0.260479 0.252286
vt 0.260479 0.252286
vt 0.260479 0.252286
vt 0.260479 0.252286
vt 0.260479 0.252286
vt 0.260479 0.252286
vt 0.260479 0.252286
vt 0.260479 0.252286
vt 0.260479 0.252286
vt 0.260479 0.252286
vt 0.260479 0.252286
vt 0.260479 0.252286
vt 0.260479 0.252286
vt 0.260479 0.252286
vt 0.260479 0.252286
vt 0.260479 0.252286
vt 0.260479 0.252286
vt 0.260479 0.252286
vt 0.260479 0.252286
vt 0.260479 0.252286
vt 0.260479 0.252286
vt 0.260479 0.252286
vt 0.260479 0.252286
vt 0.260479 0.252286
vt 0.260479 0.252286
vt 0.260479 0.252286
vt 0.260479 0.252286
vt 0.260479 0.252286
vt 0.260479 0.252286
vt 0.260479 0.252286
vt 0.260479 0.252286
vt 0.260479 0.252286
vt 0.260479 0.252286
vt 0.260479 0.252286
vt 0.260479 0.252286
vt 0.260479 0.252286
vt 0.260479 0.252286
vt 0.260479 0.252286
vt 0.260479 0.252286
vt 0.260479 0.252286
vt 0.260479 0.252286
vt 0.260479 0.252286
vt 0.260479 0.252286
vt 0.260479 0.252286
vt 0.260479 0.252286
vt 0.260479 0.252286
vt 0.260479 0.252286
vt 0.260479 0.252286
vt 0.260479 0.252286
vt 0.260479 0.252286
vt 0.260479 0.252286
vt 0.260479 0.252286
vt 0.260479 0.252286
vt 0.260479 0.252286
vt 0.260479 0.252286
vt 0.260479 0.252286
vt 0.260479 0.252286
vt 0.260479 0.252286
vt 0.260479 0.252286
vt 0.260479 0.252286
vt 0.260479 0.252286
vt 0.260479 0.252286
vt 0.260479 0.252286
vt 0.260479 0.252286
vt 0.260479 0.252286
vt 0.260479 0.252286
vt 0.260479 0.252286
vt 0.260479 0.252286
vt 0.260479 0.252286
vt 0.260479 0.252286
vt 0.260479 0.252286
vt 0.260479 0.252286
vt 0.260479 0.252286
vt 0.260479 0.252286
vt 0.260479 0.252286
vt 0.260479 0.252286
vt 0.260479 0.252286
vt 0.270322 0.773972
vt 0.270322 0.773972
vt 0.270322 0.773972
vt 0.270322 0.773972
vt 0.270322 0.773972
vt 0.270322 0.773972
vt 0.270322 0.773972
vt 0.270322 0.773972
vt 0.260479 0.252286
vt 0.260479 0.252286
vt 0.260479 0.252286
vt 0.260479 0.252286
vt 0.260479 0.252286
vt 0.260479 0.252286
vt 0.260479 0.252286
vt 0.270322 0.773972
vt 0.270322 0.773972
vt 0.270322 0.773972
vt 0.270322 0.773972
vt 0.260479 0.252286
vt 0.260479 0.252286
vt 0.270322 0.773972
vt 0.270322 0.773972
vt 0.270322 0.773972
vt 0.270322 0.773972
vt 0.260479 0.252286
vt 0.260479 0.252286
vt 0.260479 0.252286
vt 0.260479 0.252286
vt 0.260479 0.252286
vt 0.319537 0.675541
vt 0.319537 0.675541
vt 0.319537 0.675541
vt 0.319537 0.675541
vt 0.319537 0.675541
vt 0.319537 0.675541
vt 0.319537 0.675541
vt 0.319537 0.675541
vt 0.260479 0.695227
vt 0.260479 0.695227
vt 0.260479 0.695227
vt 0.260479 0.695227
vt 0.260479 0.695227
vt 0.260479 0.695227
vt 0.260479 0.695227
vt 0.260479 0.695227
vt 0.260479 0.252286
vt 0.260479 0.252286
vt 0.260479 0.252286
vt 0.260479 0.252286
vt 0.260479 0.252286
vt 0.260479 0.252286
vt 0.260479 0.252286
vt 0.260479 0.252286
vt 0.260479 0.252286
vt 0.260479 0.252286
vt 0.260479 0.252286
vt 0.260479 0.252286
vt 0.260479 0.252286
vt 0.260479 0.252286
vt 0.260479 0.252286
vt 0.260479 0.252286
vt 0.260479 0.252286
vt 0.260479 0.252286
vt 0.260479 0.252286
vt 0.260479 0.252286
vt 0.260479 0.252286
vt 0.260479 0.252286
vt 0.260479 0.252286
vt 0.260479 0.252286
vt 0.260479 0.252286
vt 0.260479 0.252286
vt 0.260479 0.252286
vt 0.260479 0.252286
vt 0.260479 0.252286
vt 0.260479 0.252286
vt 0.260479 0.252286
vt 0.260479 0.252286
vt 0.260479 0.252286
vt 0.257229 0.265400
vt 0.250614 0.265400
vt 0.250614 0.265400
vt 0.257229 0.265400
vt 0.258885 0.265400
vt 0.255512 0.265400
vt 0.258942 0.265400
vt 0.255456 0.265400
vt 0.829363 0.186655
vt 0.829384 0.186655
vt 0.829384 0.186655
vt 0.829363 0.186655
vt 0.256048 0.265400
vt 0.256008 0.265400
vt 0.256008 0.265400
vt 0.256048 0.265400
vt 0.255456 0.796929
vt 0.255456 0.796929
vt 0.258942 0.787086
vt 0.255456 0.787086
vt 0.255456 0.787086
vt 0.258942 0.787086
vt 0.258942 0.265400
vt 0.255456 0.265400
vt 0.255456 0.265400
vt 0.258942 0.265400
vt 0.278628 0.629596
vt 0.275142 0.629596
vt 0.275142 0.629596
vt 0.278628 0.629596
vt 0.258942 0.265400
vt 0.255456 0.265400
vt 0.255456 0.265400
vt 0.258942 0.265400
vt 0.258249 0.796929
vt 0.258201 0.796929
vt 0.258201 0.796929
vt 0.258249 0.796929
vt 0.258390 0.265400
vt 0.258350 0.265400
vt 0.258350 0.265400
vt 0.258390 0.265400
vt 0.255983 0.787086
vt 0.258416 0.787086
vt 0.258416 0.787086
vt 0.255983 0.787086
vt 0.275781 0.629596
vt 0.275734 0.629596
vt 0.275734 0.629596
vt 0.275781 0.629596
vt 0.258885 0.787086
vt 0.258885 0.787086
vt 0.258942 0.265400
vt 0.258942 0.265400
vt 0.278572 0.629596
vt 0.278572 0.629596
vt 0.258885 0.265400
vt 0.258885 0.265400
vt 0.258885 0.265400
vt 0.258885 0.265400
vt 0.258896 0.265400
vt 0.258893 0.265400
vt 0.258893 0.265400
vt 0.258896 0.265400
vt 0.258942 0.265400
vt 0.258942 0.265400
vt 0.258885 0.265400
vt 0.258885 0.265400
vt 0.258885 0.265400
vt 0.258885 0.265400
vt 0.258934 0.265400
vt 0.258934 0.265400
vt 0.258934 0.265400
vt 0.258934 0.265400
vt 0.258885 0.265400
vt 0.258885 0.265400
vt 0.258885 0.265400
vt 0.258885 0.265400
vt 0.258885 0.265400
vt 0.258885 0.265400
vt 0.258885 0.265400
vt 0.258885 0.265400
vt 0.255512 0.796929
vt 0.258462 0.796929
vt 0.255934 0.796929
vt 0.258483 0.796929
vt 0.255900 0.796929
vt 0.826835 0.186655
vt 0.826801 0.186655
vt 0.826835 0.186655
vt 0.826801 0.186655
vt 0.258934 0.265400
vt 0.258931 0.265400
vt 0.258920 0.265400
vt 0.258907 0.265400
vt 0.258907 0.265400
vt 0.258920 0.265400
vt 0.258931 0.265400
vt 0.258934 0.265400
vt 0.258924 0.265400
vt 0.258903 0.265400
vt 0.258903 0.265400
vt 0.258924 0.265400
vt 0.258893 0.265400
vt 0.258894 0.265400
vt 0.258930 0.265400
vt 0.258929 0.265400
vt 0.258929 0.265400
vt 0.258930 0.265400
vt 0.258893 0.265400
vt 0.258894 0.265400
vt 0.258898 0.265400
vt 0.258899 0.265400
vt 0.258898 0.265400
vt 0.258899 0.265400
vt 0.258885 0.265400
vt 0.258885 0.265400
vt 0.258885 0.265400
vt 0.258885 0.265400
vt 0.258885 0.265400
vt 0.258885 0.265400
vt 0.258885 0.265400
vt 0.258885 0.265400
vt 0.255512 0.787086
vt 0.256199 0.796929
vt 0.258390 0.787086
vt 0.256008 0.787086
vt 0.255512 0.787086
vt 0.258250 0.265400
vt 0.258304 0.265400
vt 0.277990 0.629596
vt 0.278037 0.629596
vt 0.256149 0.796929
vt 0.255512 0.796929
vt 0.256095 0.265400
vt 0.256149 0.265400
vt 0.255512 0.265400
vt 0.255512 0.265400
vt 0.275199 0.629596
vt 0.275199 0.629596
vt 0.255512 0.265400
vt 0.255512 0.265400
vt 0.256149 0.796929
vt 0.256199 0.796929
vt 0.258390 0.787086
vt 0.256008 0.787086
vt 0.278037 0.629596
vt 0.277990 0.629596
vt 0.256095 0.265400
vt 0.258304 0.265400
vt 0.258250 0.265400
vt 0.256149 0.265400
vt 0.260479 0.265400
vt 0.260479 0.265400
vt 0.260479 0.265400
vt 0.260479 0.265400
vt 0.260479 0.265400
vt 0.260479 0.265400
vt 0.260479 0.265400
vt 0.260479 0.265400
vt 0.260479 0.265400
vt 0.260479 0.265400
vt 0.260479 0.265400
vt 0.260479 0.265400
vt 0.260479 0.265400
vt 0.260479 0.265400
vt 0.260479 0.265400
vt 0.260479 0.265400
vt 0.260479 0.265400
vt 0.260479 0.265400
vt 0.339224 0.708341
vt 0.339224 0.708341
vt 0.339224 0.708341
vt 0.339224 0.708341
vt 0.260479 0.265400
vt 0.339224 0.708341
vt 0.339224 0.708341
vt 0.260479 0.265400
vt 0.339224 0.708341
vt 0.339224 0.708341
vt 0.260479 0.252286
vt 0.260479 0.252286
vt 0.260479 0.252286
vt 0.260479 0.252286
vt 0.260479 0.252286
vt 0.260479 0.252286
vt 0.260479 0.252286
vt 0.260479 0.252286
vt 0.260479 0.252286
vt 0.260479 0.252286
vt 0.260479 0.252286
vt 0.260479 0.252286
vt 0.260479 0.252286
vt 0.260479 0.252286
vt 0.260479 0.252286
vt 0.260479 0.252286
vt 0.260479 0.252286
vt 0.260479 0.252286
vt 0.260479 0.252286
vt 0.260479 0.252286
vt 0.260479 0.252286
vt 0.260479 0.252286
vt 0.260479 0.252286
vt 0.260479 0.252286
vt 0.260479 0.252286
vt 0.260479 0.252286
vt 0.260479 0.252286
vt 0.260479 0.252286
vt 0.260479 0.252286
vt 0.260479 0.252286
vt 0.260479 0.252286
vt 0.260479 0.252286
vt 0.260479 0.252286
vt 0.260479 0.252286
vt 0.260479 0.252286
vt 0.260479 0.252286
vt 0.260479 0.252286
vt 0.260479 0.252286
vt 0.260479 0.252286
vt 0.260479 0.252286
vt 0.260479 0.252286
vt 0.260479 0.252286
vt 0.260479 0.252286
vt 0.260479 0.252286
vt 0.260479 0.252286
vt 0.260479 0.252286
vt 0.260479 0.252286
vt 0.260479 0.252286
vt 0.260479 0.252286
vt 0.260479 0.252286
vt 0.270322 0.773972
vt 0.270322 0.773972
vt 0.270322 0.773972
vt 0.270322 0.773972
vt 0.270322 0.773972
vt 0.270322 0.773972
vt 0.270322 0.773972
vt 0.270322 0.773972
vt 0.260479 0.695227
vt 0.260479 0.695227
vt 0.260479 0.695227
vt 0.260479 0.695227
vt 0.260479 0.695227
vt 0.260479 0.695227
vt 0.260479 0.695227
vt 0.260479 0.695227
vt 0.319537 0.675541
vt 0.319537 0.675541
vt 0.319537 0.675541
vt 0.319537 0.675541
vt 0.319537 0.675541
vt 0.319537 0.675541
vt 0.319537 0.675541
vt 0.319537 0.675541
vt 0.270322 0.773972
vt 0.270322 0.773972
vt 0.270322 0.773972
vt 0.270322 0.773972
vt 0.260479 0.695227
vt 0.260479 0.695227
vt 0.260479 0.695227
vt 0.260479 0.695227
vt 0.260479 0.695227
vt 0.260479 0.695227
vt 0.260479 0.695227
vt 0.260479 0.695227
vt 0.319537 0.675541
vt 0.319537 0.675541
vt 0.319537 0.675541
vt 0.319537 0.675541
vt 0.319537 0.675541
vt 0.319537 0.675541
vt 0.319537 0.675541
vt 0.319537 0.675541
vt 0.270322 0.773972
vt 0.270322 0.773972
vt 0.270322 0.773972
vt 0.270322 0.773972
vt 0.270322 0.773972
vt 0.270322 0.773972
vt 0.270322 0.773972
vt 0.270322 0.773972
vt 0.270322 0.773972
vt 0.270322 0.773972
vt 0.270322 0.773972
vt 0.270322 0.773972
vt 0.260479 0.252286
vt 0.260479 0.252286
vt 0.260479 0.252286
vt 0.260479 0.252286
vt 0.260479 0.252286
vt 0.260479 0.252286
vt 0.247365 0.252286
vt 0.247365 0.252286
vt 0.260479 0.252286
vt 0.260479 0.252286
vt 0.260479 0.265400
vt 0.260479 0.265400
vt 0.260479 0.252286
vt 0.260479 0.252286
vt 0.247365 0.252286
vt 0.247365 0.265400
vt 0.260479 0.265400
vt 0.260479 0.265400
vt 0.260479 0.265400
vt 0.260479 0.265400
vt 0.260479 0.252286
vt 0.260479 0.252286
vt 0.260479 0.258843
vt 0.247365 0.258843
vt 0.253922 0.252286
vt 0.260479 0.265400
vt 0.260479 0.265400
vt 0.260479 0.252286
vt 0.260479 0.252286
vt 0.247365 0.265400
vt 0.247365 0.265400
vt 0.247365 0.265400
vt 0.742792 0.695227
vt 0.742792 0.695227
vt 0.742792 0.695227
vt 0.742792 0.695227
vt 0.247365 0.252286
vt 0.260479 0.252286
vt 0.260479 0.252286
vt 0.260479 0.252286
vt 0.260479 0.252286
vt 0.260479 0.252286
vt 0.260479 0.252286
vt 0.247365 0.252286
vt 0.247365 0.252286
vt 0.247365 0.265400
vt 0.247365 0.265400
vt 0.260479 0.265400
vt 0.260479 0.265400
vt 0.247365 0.252286
vt 0.247365 0.252286
vt 0.247365 0.265400
vt 0.247365 0.265400
vt 0.247365 0.252286
vt 0.247365 0.252286
vt 0.247365 0.265400
vt 0.247365 0.265400
vt 0.260479 0.265400
vt 0.260479 0.252286
vt 0.260479 0.252286
vt 0.247365 0.252286
vt 0.247365 0.252286
vt 0.247365 0.252286
vt 0.247365 0.252286
vt 0.247365 0.252286
vt 0.260479 0.252286
vt 0.260479 0.252286
vt 0.260479 0.252286
vt 0.260479 0.252286
vt 0.260479 0.265400
vt 0.260479 0.265400
vt 0.260479 0.252286
vt 0.260479 0.252286
vt 0.260479 0.258843
vt 0.260479 0.258843
vt 0.260479 0.252286
vt 0.260479 0.252286
vt 0.247365 0.252286
vt 0.247365 0.252286
vt 0.247365 0.252286
vt 0.247365 0.252286
vt 0.247365 0.252286
vt 0.260479 0.265400
vt 0.260479 0.265400
vt 0.247365 0.265400
vt 0.247365 0.265400
vt 0.260479 0.265400
vt 0.260479 0.265400
vt 0.247365 0.265400
vt 0.247365 0.265400
vt 0.260479 0.265400
vt 0.260479 0.265400
vt 0.260479 0.258843
vt 0.260479 0.258843
vt 0.260479 0.258843
vt 0.254691 0.252286
vt 0.254691 0.252286
vt 0.254944 0.252286
vt 0.254944 0.252286
vt 0.260479 0.265400
vt 0.260479 0.265400
vt 0.260479 0.252286
vt 0.247365 0.252286
vt 0.260479 0.265400
vt 0.247365 0.258843
vt 0.247365 0.252286
vt 0.247365 0.265400
vt 0.247365 0.252286
vt 0.247365 0.252286
vt 0.247365 0.265400
vt 0.247365 0.265400
vt 0.247365 0.265400
vt 0.260479 0.265400
vt 0.247365 0.265400
vt 0.247365 0.265400
vt 0.260479 0.265400
vt 0.260479 0.265400
vt 0.260479 0.252286
vt 0.247365 0.252286
vt 0.260479 0.252286
vt 0.260479 0.252286
vt 0.247365 0.252286
vt 0.247365 0.252286
vt 0.260479 0.265400
vt 0.260479 0.252286
vt 0.260479 0.265400
vt 0.260479 0.265400
vt 0.260479 0.252286
vt 0.260479 0.252286
vt 0.255890 0.265400
vt 0.255890 0.265400
vt 0.251954 0.265400
vt 0.251954 0.265400
vt 0.247365 0.265400
vt 0.247365 0.265400
vt 0.260479 0.265400
vt 0.260479 0.265400
vt 0.247365 0.265400
vt 0.247365 0.265400
vt 0.260479 0.265400
vt 0.260479 0.265400
vt 0.247365 0.252286
vt 0.247365 0.252286
vt 0.247365 0.252286
vt 0.247365 0.252286
vt 0.247365 0.252286
vt 0.247365 0.252286
vt 0.260479 0.252286
vt 0.260479 0.252286
vt 0.247365 0.252286
vt 0.247365 0.252286
vt 0.247365 0.252286
vt 0.247365 0.252286
vt 0.260479 0.252286
vt 0.260479 0.252286
vt 0.247365 0.252286
vt 0.247365 0.252286
vt 0.247365 0.252286
vt 0.247365 0.252286
vt 0.247365 0.252286
vt 0.247365 0.252286
vt 0.247365 0.265400
vt 0.260479 0.265400
vt 0.260479 0.252286
vt 0.260479 0.252286
vt 0.260479 0.252286
vt 0.260479 0.252286
vt 0.260479 0.265400
vt 0.260479 0.265400
vt 0.260479 0.265400
vt 0.260479 0.265400
vt 0.260479 0.252286
vt 0.247365 0.252286
vt 0.260479 0.252286
vt 0.247365 0.252286
vt 0.247365 0.265400
vt 0.247365 0.265400
vt 0.247365 0.265400
vt 0.247365 0.265400
vt 0.260479 0.265400
vt 0.260479 0.265400
vt 0.247365 0.265400
vt 0.260479 0.265400
vt 0.260479 0.265400
vt 0.260479 0.265728
vt 0.260479 0.265728
vt 0.260479 0.265400
vt 0.260479 0.252286
vt 0.247365 0.252286
vt 0.247365 0.265400
vt 0.260479 0.265400
vt 0.247365 0.265400
vt 0.260479 0.252286
vt 0.260479 0.252286
vt 0.260479 0.252286
vt 0.260479 0.252286
vt 0.247365 0.252286
vt 0.247365 0.252286
vt 0.247365 0.252286
vt 0.247365 0.252286
vt 0.247365 0.265400
vt 0.247365 0.265400
vt 0.247365 0.252286
vt 0.247365 0.252286
vt 0.247365 0.252286
vt 0.247365 0.252286
vt 0.247365 0.252286
vt 0.247365 0.258843
vt 0.247365 0.258843
vt 0.247365 0.258843
vt 0.247365 0.258843
vt 0.260479 0.265400
vt 0.253922 0.252286
vt 0.260479 0.265400
vt 0.247365 0.265400
vt 0.255910 0.252286
vt 0.255910 0.252286
vt 0.260479 0.252286
vt 0.260479 0.252286
vt 0.260479 0.265400
vt 0.260479 0.265400
vt 0.260479 0.265400
vt 0.260479 0.265400
vt 0.764385 0.754937
vt 0.764385 0.754937
vt 0.764385 0.754937
vt 0.764385 0.754937
vt 0.247365 0.252286
vt 0.247365 0.252286
vt 0.247365 0.252286
vt 0.247365 0.252286
vt 0.260479 0.258843
vt 0.260479 0.258843
vt 0.247365 0.252286
vt 0.247365 0.252286
vt 0.247365 0.252286
vt 0.247365 0.252286
vt 0.247365 0.252286
vt 0.260479 0.258843
vt 0.260479 0.265400
vt 0.260479 0.265400
vt 0.247365 0.252286
vt 0.247365 0.252286
vt 0.260479 0.265400
vt 0.260479 0.265400
vt 0.260479 0.265400
vt 0.260479 0.265400
vt 0.764385 0.761494
vt 0.764385 0.761494
vt 0.764385 0.761494
vt 0.764385 0.761494
vt 0.751271 0.748380
vt 0.751271 0.748380
vt 0.764385 0.761494
vt 0.764385 0.761494
vt 0.260479 0.265400
vt 0.260479 0.265400
vt 0.260479 0.258843
vt 0.260479 0.258843
vt 0.260479 0.265400
vt 0.260479 0.265400
vt 0.260479 0.265400
vt 0.260479 0.265400
vt 0.260479 0.265400
vt 0.260479 0.265400
vt 0.260479 0.265400
vt 0.260479 0.258843
vt 0.260479 0.258843
vt 0.260479 0.258843
vt 0.260479 0.258843
vt 0.260479 0.258843
vt 0.260479 0.258843
vt 0.260479 0.258843
vt 0.748760 0.263744
vt 0.748760 0.263744
vt 0.748760 0.269306
vt 0.748760 0.269306
vt 0.260479 0.265400
vt 0.260479 0.265400
vt 0.748760 0.269306
vt 0.748760 0.269306
vt 0.748760 0.269673
vt 0.748760 0.269673
vt 0.247365 0.252286
vt 0.247365 0.252286
vt 0.748760 0.269306
vt 0.748760 0.269306
vt 0.748760 0.269306
vt 0.748760 0.269306
vt 0.260479 0.265400
vt 0.748760 0.269306
vt 0.748760 0.269306
vt 0.748760 0.269306
vt 0.748760 0.269306
vt 0.748760 0.263741
vt 0.748760 0.263741
vt 0.260479 0.265400
vt 0.260479 0.265400
vt 0.748760 0.269306
vt 0.748760 0.269306
vt 0.748760 0.269306
vt 0.748760 0.269306
vt 0.247365 0.252286
vt 0.247365 0.252286
vt 0.247365 0.252286
vt 0.247365 0.252286
vt 0.247365 0.252286
vt 0.247365 0.252286
vt 0.247365 0.252286
vt 0.247365 0.252286
vt 0.247365 0.252286
vt 0.247365 0.252286
vt 0.247365 0.252286
vt 0.247365 0.252286
vt 0.247365 0.252286
vt 0.247365 0.252286
vt 0.887168 0.267051
vt 0.887168 0.267051
vt 0.887168 0.267051
vt 0.887168 0.267051
vt 0.887168 0.267051
vt 0.887168 0.267051
vt 0.650933 0.242443
vt 0.650933 0.242443
vt 0.650933 0.242443
vt 0.650933 0.242443
vt 0.247365 0.252286
vt 0.247365 0.252286
vt 0.887168 0.267051
vt 0.887168 0.267051
vt 0.887168 0.267051
vt 0.887168 0.267051
vt 0.650933 0.242443
vt 0.650933 0.242443
vt 0.650933 0.242443
vt 0.650933 0.242443
vt 0.247365 0.252286
vt 0.247365 0.252286
vt 0.247365 0.252286
vt 0.247365 0.252286
vt 0.650933 0.242443
vt 0.650933 0.242443
vt 0.650933 0.242443
vt 0.650933 0.242443
vt 0.887168 0.267051
vt 0.887168 0.267051
vt 0.887168 0.267051
vt 0.887168 0.267051
vt 0.887168 0.267051
vt 0.887168 0.267051
vt 0.887168 0.267051
vt 0.887168 0.267051
vt 0.887168 0.267051
vt 0.887168 0.267051
vt 0.887168 0.267051
vt 0.670619 0.759208
vt 0.670619 0.759208
vt 0.670619 0.759208
vt 0.670619 0.759208
vt 0.670619 0.759208
vt 0.670619 0.759208
vt 0.670619 0.759208
vt 0.670619 0.759208
vt 0.887168 0.267051
vt 0.887168 0.267051
vt 0.887168 0.267051
vt 0.650933 0.242443
vt 0.650933 0.242443
vt 0.650933 0.242443
vt 0.650933 0.242443
vt 0.650933 0.242443
vt 0.650933 0.242443
vt 0.650933 0.242443
vt 0.650933 0.242443
vt 0.650933 0.242443
vt 0.734600 0.798580
vt 0.734600 0.798580
vt 0.734600 0.798580
vt 0.734600 0.798580
vt 0.734600 0.798580
vt 0.734600 0.798580
vt 0.734600 0.798580
vt 0.734600 0.798580
vt 0.650933 0.242443
vt 0.650933 0.242443
vt 0.650933 0.242443
vt 0.260479 0.252286
vt 0.247365 0.252286
vt 0.247365 0.252286
vt 0.247365 0.265400
vt 0.260479 0.252286
vt 0.260479 0.252286
vt 0.260479 0.265400
vt 0.254377 0.265400
vt 0.254377 0.265400
vt 0.254377 0.252938
vt 0.254377 0.252938
vt 0.260479 0.265400
vt 0.260479 0.265400
vt 0.260479 0.265400
vt 0.260479 0.265400
vt 0.260479 0.252286
vt 0.260479 0.252286
vt 0.260479 0.252286
vt 0.260479 0.252286
vt 0.260479 0.252286
vt 0.260479 0.252286
vt 0.258885 0.796929
vt 0.258885 0.796929
vt 0.258942 0.796929
vt 0.258942 0.796929
vt 0.247365 0.258843
vt 0.247365 0.258843
vt 0.260479 0.265400
vt 0.260007 0.265400
vt 0.260007 0.265400
vt 0.259903 0.265400
vt 0.259903 0.265400
vt 0.260479 0.265400
vt 0.260479 0.265400
vt 0.260479 0.265400
vt 0.260479 0.265400
vt 0.260479 0.265400
vt 0.260479 0.265400
vt 0.260479 0.265400
vt 0.260479 0.265400
vt 0.305958 0.283536
vt 0.305958 0.283536
vt 0.305958 0.296650
vt 0.305958 0.296650
vt 0.305958 0.283536
vt 0.305958 0.283536
vt 0.319072 0.283536
vt 0.319072 0.283536
vt 0.319072 0.283536
vt 0.319072 0.283536
vt 0.319072 0.296650
vt 0.319072 0.296650
vt 0.305958 0.296650
vt 0.305958 0.296650
vt 0.305958 0.283536
vt 0.305958 0.283536
vt 0.319072 0.283536
vt 0.319072 0.283536
vt 0.319072 0.296650
vt 0.319072 0.296650
vt 0.247365 0.252286
vt 0.247365 0.252286
vt 0.247365 0.252286
vt 0.260479 0.252286
vt 0.260479 0.252286
vt 0.247365 0.265400
vt 0.247365 0.265400
vt 0.260479 0.265400
vt 0.260479 0.265400
vt 0.247365 0.265400
vt 0.247365 0.265400
vt 0.247365 0.252286
vt 0.260479 0.265400
vt 0.260479 0.265400
vt 0.260479 0.265400
vt 0.260479 0.265400
vt 0.260479 0.265400
vt 0.260479 0.265400
vt 0.260479 0.265400
vt 0.260479 0.265400
vt 0.260479 0.265400
vt 0.260479 0.265400
vt 0.260479 0.265400
vt 0.260479 0.265400
vt 0.322979 0.771817
vt 0.322979 0.771817
vt 0.309865 0.771817
vt 0.309865 0.771817
vt 0.260479 0.252286
vt 0.260479 0.252286
vt 0.247365 0.252286
vt 0.247365 0.252286
vt 0.285086 0.734600
vt 0.285086 0.734600
vt 0.271972 0.734600
vt 0.271972 0.734600
vt 0.309865 0.771817
vt 0.309865 0.771817
vt 0.309865 0.771817
vt 0.309865 0.771817
vt 0.247365 0.252286
vt 0.247365 0.252286
vt 0.247365 0.252286
vt 0.247365 0.252286
vt 0.271972 0.734600
vt 0.271972 0.734600
vt 0.271972 0.734600
vt 0.271972 0.734600
vt 0.309865 0.771817
vt 0.309865 0.771817
vt 0.247365 0.252286
vt 0.247365 0.252286
vt 0.271972 0.734600
vt 0.271972 0.734600
vt 0.309865 0.784931
vt 0.309865 0.784931
vt 0.322979 0.784931
vt 0.322979 0.784931
vt 0.247365 0.265400
vt 0.247365 0.265400
vt 0.260479 0.265400
vt 0.260479 0.265400
vt 0.271972 0.747714
vt 0.271972 0.747714
vt 0.285086 0.747714
vt 0.285086 0.747714
vt 0.322979 0.771817
vt 0.322979 0.771817
vt 0.322979 0.771817
vt 0.322979 0.771817
vt 0.260479 0.252286
vt 0.260479 0.252286
vt 0.260479 0.252286
vt 0.260479 0.252286
vt 0.285086 0.734600
vt 0.285086 0.734600
vt 0.285086 0.734600
vt 0.285086 0.734600
vt 0.322979 0.771817
vt 0.322979 0.771817
vt 0.260479 0.252286
vt 0.260479 0.252286
vt 0.285086 0.734600
vt 0.285086 0.734600
vt 0.260479 0.252286
vt 0.260479 0.265400
vt 0.260479 0.252286
vt 0.260479 0.252286
vt 0.260479 0.252286
vt 0.260479 0.252286
vt 0.260479 0.265400
vt 0.651104 0.234162
vt 0.651104 0.234162
vt 0.651104 0.234151
vt 0.651104 0.234151
vt 0.651103 0.234959
vt 0.651103 0.234959
vt 0.651103 0.221036
vt 0.651103 0.221036
vt 0.651104 0.221036
vt 0.651104 0.221036
vt 0.260479 0.252286
vt 0.260479 0.252286
vt 0.260479 0.252286
vt 0.254691 0.252286
vt 0.254665 0.252286
vt 0.260479 0.252286
vt 0.746878 0.752286
vt 0.746852 0.752286
vt 0.752666 0.752286
vt 0.752666 0.752286
vt 0.752666 0.752286
vt 0.752666 0.752286
vt 0.260479 0.252286
vt 0.254665 0.252286
vt 0.254691 0.252286
vt 0.259706 0.252286
vt 0.259215 0.252286
vt 0.258305 0.252286
vt 0.813863 0.221036
vt 0.813863 0.221036
vt 0.814301 0.221036
vt 0.814301 0.221036
vt 0.815331 0.221036
vt 0.815331 0.221036
vt 0.259215 0.252286
vt 0.259706 0.252286
vt 0.746586 0.603849
vt 0.746586 0.603849
vt 0.747497 0.603849
vt 0.747497 0.603849
vt 0.873098 0.701505
vt 0.873098 0.701505
vt 0.875492 0.701505
vt 0.875492 0.701505
vt 0.817708 0.221036
vt 0.818300 0.221036
vt 0.817809 0.221036
vt 0.816729 0.221036
vt 0.813285 0.221036
vt 0.813538 0.221036
vt 0.815581 0.221036
vt 0.816898 0.221036
vt 0.814504 0.221036
vt 0.372395 0.623380
vt 0.371417 0.623380
vt 0.368988 0.623380
vt 0.368551 0.623380
vt 0.370269 0.623380
vt 0.370019 0.623380
vt 0.816729 0.221036
vt 0.817708 0.221036
vt 0.815581 0.221036
vt 0.260023 0.252938
vt 0.254485 0.265400
vt 0.260479 0.265400
vt 0.267819 0.745869
vt 0.267835 0.733407
vt 0.262190 0.733407
vt 0.262190 0.745869
vt 0.262297 0.745869
vt 0.267716 0.745869
vt 0.260023 0.252938
vt 0.254485 0.265400
vt 0.741517 0.256192
vt 0.741517 0.256192
vt 0.741521 0.256193
vt 0.741521 0.256193
vt 0.748760 0.269306
vt 0.748760 0.269306
vt 0.748760 0.269306
vt 0.748760 0.269306
vt 0.735646 0.256193
vt 0.735646 0.256193
vt 0.748760 0.269306
vt 0.748760 0.269306
vt 0.748760 0.269306
vt 0.748760 0.269306
vt 0.748760 0.269306
vt 0.748760 0.269306
vt 0.748760 0.269306
vt 0.735646 0.256193
vt 0.735631 0.256193
vt 0.748760 0.269306
vt 0.748760 0.269306
vt 0.735660 0.256192
vt 0.748760 0.269306
vt 0.268291 0.726704
vt 0.268291 0.726338
vt 0.268291 0.720775
vt 0.268291 0.720772
vt 0.268291 0.726338
vt 0.268291 0.726338
vt 0.268291 0.726338
vt 0.268291 0.726338
vt 0.261053 0.713224
vt 0.261048 0.713224
vt 0.255163 0.713224
vt 0.255192 0.713224
vt 0.268291 0.726338
vt 0.268291 0.726338
vt 0.268291 0.726338
vt 0.268291 0.726338
vt 0.748760 0.269306
vt 0.735660 0.256192
vt 0.735631 0.256193
vt 0.748760 0.269306
vt 0.748760 0.269306
vt 0.272197 0.253682
vt 0.272197 0.253682
vt 0.272197 0.240568
vt 0.272197 0.240568
vt 0.260479 0.265400
vt 0.260479 0.265400
vt 0.260479 0.252286
vt 0.260479 0.252286
vt 0.259083 0.240568
vt 0.259083 0.240568
vt 0.272197 0.240568
vt 0.272197 0.240568
vt 0.247365 0.252286
vt 0.247365 0.252286
vt 0.260479 0.252286
vt 0.260479 0.252286
vt 0.272197 0.253682
vt 0.272197 0.253682
vt 0.259083 0.253682
vt 0.259083 0.253682
vt 0.260479 0.265400
vt 0.260479 0.265400
vt 0.247365 0.265400
vt 0.247365 0.265400
vt 0.272197 0.240568
vt 0.272197 0.240568
vt 0.260479 0.252286
vt 0.260479 0.252286
vt 0.259083 0.240568
vt 0.259083 0.240567
vt 0.259083 0.240567
vt 0.259083 0.240568
vt 0.247365 0.252286
vt 0.247365 0.252286
vt 0.247365 0.252286
vt 0.247365 0.252286
vt 0.259083 0.253682
vt 0.259083 0.253682
vt 0.247365 0.265400
vt 0.247365 0.265400
vt 0.247365 0.252286
vt 0.247365 0.252286
vt 0.251271 0.615567
vt 0.251271 0.615567
vt 0.251271 0.615567
vt 0.251271 0.615567
vt 0.247365 0.252286
vt 0.247365 0.252286
vt 0.247365 0.252286
vt 0.247365 0.252286
vt 0.270802 0.748380
vt 0.270802 0.748380
vt 0.270802 0.748380
vt 0.270802 0.748380
vt 0.247365 0.265400
vt 0.247365 0.265400
vt 0.251271 0.628681
vt 0.251271 0.628681
vt 0.251271 0.628681
vt 0.251271 0.628681
vt 0.247365 0.265400
vt 0.247365 0.265400
vt 0.247365 0.265400
vt 0.247365 0.265400
vt 0.270802 0.761494
vt 0.270802 0.761494
vt 0.270802 0.761494
vt 0.270802 0.761494
vt 0.260479 0.265400
vt 0.260479 0.265400
vt 0.260479 0.252286
vt 0.260479 0.252286
vt 0.264385 0.628681
vt 0.264385 0.628681
vt 0.264385 0.615568
vt 0.264385 0.615568
vt 0.260479 0.265400
vt 0.260479 0.265400
vt 0.260479 0.252286
vt 0.260479 0.252286
vt 0.283916 0.761494
vt 0.283916 0.761494
vt 0.283916 0.748380
vt 0.283916 0.748380
vt 0.247365 0.252286
vt 0.251271 0.615567
vt 0.251271 0.615567
vt 0.247365 0.252286
vt 0.247365 0.252286
vt 0.270802 0.748380
vt 0.270802 0.748380
vt 0.260479 0.252286
vt 0.260479 0.252286
vt 0.264385 0.615567
vt 0.264385 0.615567
vt 0.260479 0.252286
vt 0.260479 0.252286
vt 0.283916 0.748380
vt 0.283916 0.748380
vt 0.651103 0.234478
vt 0.651104 0.234150
vt 0.651104 0.221036
vt 0.651104 0.234178
vt 0.651104 0.234150
vt 0.651104 0.221036
vt 0.651103 0.221036
vt 0.651104 0.221036
vt 0.651104 0.221036
vt 0.651104 0.221036
vt 0.651104 0.234150
vt 0.444072 0.652928
vt 0.444072 0.652147
vt 0.444072 0.639005
vt 0.444072 0.639005
vt 0.444072 0.639005
vt 0.444072 0.639005
vt 0.444072 0.652120
vt 0.444072 0.652131
vt 0.651104 0.221036
vt 0.651103 0.221036
vt 0.651104 0.234178
vt 0.260479 0.265400
vt 0.260479 0.265400
vt 0.260479 0.252286
vt 0.260479 0.252286
vt 0.247365 0.252286
vt 0.247365 0.265400
vt 0.247365 0.265400
vt 0.260479 0.252286
vt 0.260479 0.252286
vt 0.260479 0.252286
vt 0.260479 0.252286
vt 0.260479 0.252286
vt 0.260479 0.252286
vt 0.260479 0.252286
vt 0.260479 0.252286
vt 0.260479 0.252286
vt 0.260479 0.252286
vt 0.260479 0.252286
vt 0.260479 0.252286
vt 0.260479 0.252286
vt 0.260479 0.252286
vt 0.260479 0.252286
vt 0.260479 0.252286
vt 0.260479 0.252286
vt 0.260479 0.252286
vt 0.260479 0.252286
vt 0.260479 0.252286
vt 0.260479 0.252286
vt 0.260479 0.252286
vt 0.260479 0.252286
vt 0.260479 0.252286
vt 0.260479 0.252286
vt 0.260479 0.252286
vt 0.260479 0.252286
vt 0.260479 0.252286
vt 0.260479 0.252286
vt 0.260479 0.252286
vt 0.260479 0.252286
vt 0.260479 0.252286
vt 0.260479 0.252286
vt 0.260479 0.252286
vt 0.260479 0.252286
vt 0.260479 0.252286
vt 0.260479 0.252286
vt 0.260479 0.252286
vt 0.260479 0.252286
vt 0.260479 0.252286
vt 0.260479 0.252286
vt 0.260479 0.252286
vt 0.260479 0.252286
vt 0.260479 0.252286
vt 0.260479 0.252286
vt 0.260479 0.252286
vt 0.260479 0.252286
vt 0.260479 0.252286
vt 0.260479 0.252286
vt 0.260479 0.252286
vt 0.260479 0.252286
vt 0.260479 0.252286
vt 0.260479 0.252286
vt 0.260479 0.252286
vt 0.260479 0.252286
vt 0.260479 0.252286
vt 0.260479 0.252286
vt 0.260479 0.252286
vt 0.260479 0.252286
vt 0.260479 0.252286
vt 0.260479 0.252286
vt 0.260479 0.252286
vt 0.260479 0.252286
vt 0.260479 0.252286
vt 0.260479 0.252286
vt 0.260479 0.252286
vt 0.260479 0.252286
vt 0.260479 0.252286
vt 0.260479 0.252286
vt 0.260479 0.252286
vt 0.260479 0.252286
vt 0.260479 0.252286
vt 0.260479 0.252286
vt 0.260479 0.252286
vt 0.260479 0.252286
vt 0.260479 0.252286
vt 0.260479 0.252286
vt 0.260479 0.252286
vt 0.260479 0.252286
vt 0.260479 0.252286
vt 0.260479 0.252286
vt 0.260479 0.252286
vt 0.260479 0.252286
vt 0.260479 0.252286
vt 0.260479 0.252286
vt 0.260479 0.252286
vt 0.260479 0.252286
vt 0.260479 0.252286
vt 0.260479 0.252286
vt 0.260479 0.252286
vt 0.260479 0.252286
vt 0.260479 0.252286
vt 0.260479 0.252286
vt 0.260479 0.252286
vt 0.260479 0.252286
vt 0.260479 0.252286
vt 0.260479 0.252286
vt 0.260479 0.252286
vt 0.260479 0.252286
vt 0.260479 0.252286
vt 0.260479 0.252286
vt 0.260479 0.252286
vt 0.260479 0.252286
vt 0.260479 0.252286
vt 0.260479 0.252286
vt 0.260479 0.252286
vt 0.260479 0.252286
vt 0.260479 0.252286
vt 0.260479 0.252286
vt 0.260479 0.252286
vt 0.260479 0.252286
vt 0.260479 0.252286
vt 0.260479 0.252286
vt 0.260479 0.252286
vt 0.260479 0.252286
vt 0.260479 0.252286
vt 0.260479 0.252286
vt 0.260479 0.252286
vt 0.260479 0.252286
vt 0.260479 0.252286
vt 0.260479 0.252286
vt 0.260479 0.252286
vt 0.260479 0.252286
vt 0.260479 0.252286
vt 0.260479 0.252286
vt 0.260479 0.252286
vt 0.260479 0.252286
vt 0.260479 0.252286
vt 0.260479 0.252286
vt 0.260479 0.252286
vt 0.260479 0.252286
vt 0.260479 0.252286
vt 0.260479 0.252286
vt 0.260479 0.252286
vt 0.260479 0.252286
vt 0.260479 0.252286
vt 0.260479 0.252286
vt 0.260479 0.252286
vt 0.260479 0.252286
vt 0.260479 0.252286
vt 0.260479 0.252286
vt 0.260479 0.252286
vt 0.260479 0.252286
vt 0.260479 0.252286
vt 0.260479 0.252286
vt 0.260479 0.252286
vt 0.260479 0.252286
vt 0.260479 0.252286
vt 0.260479 0.252286
vt 0.260479 0.252286
vt 0.260479 0.252286
vt 0.260479 0.252286
vt 0.260479 0.252286
vt 0.260479 0.252286
vt 0.260479 0.252286
vt 0.260479 0.252286
vt 0.260479 0.252286
vt 0.260479 0.252286
vt 0.260479 0.252286
vt 0.260479 0.252286
vt 0.260479 0.252286
vt 0.260479 0.252286
vt 0.260479 0.252286
vt 0.260479 0.252286
vt 0.260479 0.252286
vt 0.260479 0.252286
vt 0.260479 0.252286
vt 0.260479 0.252286
vt 0.260479 0.252286
vt 0.260479 0.252286
vt 0.260479 0.252286
vt 0.260479 0.252286
vt 0.260479 0.252286
vt 0.260479 0.252286
vt 0.260479 0.252286
vt 0.260479 0.252286
vt 0.260479 0.252286
vt 0.260479 0.252286
vt 0.260479 0.252286
vt 0.260479 0.252286
vt 0.260479 0.252286
vt 0.260479 0.252286
vt 0.260479 0.252286
vt 0.260479 0.252286
vt 0.260479 0.252286
vt 0.260479 0.252286
vt 0.260479 0.252286
vt 0.260479 0.252286
vt 0.260479 0.252286
vt 0.260479 0.252286
vt 0.260479 0.252286
vt 0.260479 0.252286
vt 0.260479 0.252286
vt 0.260479 0.252286
vt 0.260479 0.252286
vt 0.260479 0.252286
vt 0.260479 0.252286
vt 0.260479 0.252286
vt 0.260479 0.252286
vt 0.260479 0.252286
vt 0.260479 0.252286
vt 0.260479 0.252286
vt 0.260479 0.252286
vt 0.260479 0.252286
vt 0.260479 0.252286
vt 0.260479 0.252286
vt 0.260479 0.252286
vt 0.260479 0.252286
vt 0.260479 0.252286
vt 0.260479 0.252286
vt 0.260479 0.252286
vt 0.260479 0.252286
vt 0.260479 0.252286
vt 0.260479 0.252286
vt 0.260479 0.252286
vt 0.260479 0.252286
vt 0.260479 0.252286
vt 0.260479 0.252286
vt 0.260479 0.252286
vt 0.260479 0.252286
vt 0.260479 0.252286
vt 0.260479 0.252286
vt 0.260479 0.252286
vt 0.260479 0.252286
vt 0.260479 0.252286
vt 0.260479 0.252286
vt 0.260479 0.252286
vt 0.260479 0.252286
vt 0.260479 0.252286
vt 0.260479 0.252286
vt 0.260479 0.252286
vt 0.260479 0.252286
vt 0.260479 0.252286
vt 0.260479 0.252286
vt 0.260479 0.252286
vt 0.260479 0.252286
vt 0.260479 0.252286
vt 0.260479 0.252286
vt 0.260479 0.252286
vt 0.260479 0.252286
vt 0.260479 0.252286
vt 0.260479 0.252286
vt 0.260479 0.252286
vt 0.260479 0.252286
vt 0.260479 0.252286
vt 0.260479 0.252286
vt 0.270322 0.773972
vt 0.270322 0.773972
vt 0.270322 0.773972
vt 0.270322 0.773972
vt 0.270322 0.773972
vt 0.270322 0.773972
vt 0.270322 0.773972
vt 0.270322 0.773972
vt 0.260479 0.252286
vt 0.260479 0.252286
vt 0.260479 0.252286
vt 0.260479 0.252286
vt 0.260479 0.252286
vt 0.260479 0.252286
vt 0.260479 0.252286
vt 0.270322 0.773972
vt 0.270322 0.773972
vt 0.270322 0.773972
vt 0.270322 0.773972
vt 0.260479 0.252286
vt 0.260479 0.252286
vt 0.270322 0.773972
vt 0.270322 0.773972
vt 0.270322 0.773972
vt 0.270322 0.773972
vt 0.260479 0.252286
vt 0.260479 0.252286
vt 0.260479 0.252286
vt 0.260479 0.252286
vt 0.260479 0.252286
vt 0.319537 0.675541
vt 0.319537 0.675541
vt 0.319537 0.675541
vt 0.319537 0.675541
vt 0.319537 0.675541
vt 0.319537 0.675541
vt 0.319537 0.675541
vt 0.319537 0.675541
vt 0.260479 0.695227
vt 0.260479 0.695227
vt 0.260479 0.695227
vt 0.260479 0.695227
vt 0.260479 0.695227
vt 0.260479 0.695227
vt 0.260479 0.695227
vt 0.260479 0.695227
vt 0.260479 0.252286
vt 0.260479 0.252286
vt 0.260479 0.252286
vt 0.260479 0.252286
vt 0.260479 0.252286
vt 0.260479 0.252286
vt 0.260479 0.252286
vt 0.260479 0.252286
vt 0.260479 0.252286
vt 0.260479 0.252286
vt 0.260479 0.252286
vt 0.260479 0.252286
vt 0.260479 0.252286
vt 0.260479 0.252286
vt 0.260479 0.252286
vt 0.260479 0.252286
vt 0.260479 0.252286
vt 0.260479 0.252286
vt 0.260479 0.252286
vt 0.260479 0.252286
vt 0.260479 0.252286
vt 0.260479 0.252286
vt 0.260479 0.252286
vt 0.260479 0.252286
vt 0.260479 0.252286
vt 0.260479 0.252286
vt 0.260479 0.252286
vt 0.260479 0.252286
vt 0.260479 0.252286
vt 0.260479 0.252286
vt 0.260479 0.252286
vt 0.260479 0.252286
vt 0.260479 0.252286
vt 0.250614 0.265400
vt 0.257229 0.265400
vt 0.250614 0.265400
vt 0.257229 0.265400
vt 0.258885 0.265400
vt 0.258942 0.265400
vt 0.829363 0.186655
vt 0.829363 0.186655
vt 0.829384 0.186655
vt 0.829384 0.186655
vt 0.256048 0.265400
vt 0.256048 0.265400
vt 0.256008 0.265400
vt 0.256008 0.265400
vt 0.258942 0.787086
vt 0.258942 0.787086
vt 0.258942 0.265400
vt 0.258942 0.265400
vt 0.278628 0.629596
vt 0.278628 0.629596
vt 0.258942 0.265400
vt 0.258942 0.265400
vt 0.258249 0.796929
vt 0.258249 0.796929
vt 0.258201 0.796929
vt 0.258201 0.796929
vt 0.258390 0.265400
vt 0.258390 0.265400
vt 0.258350 0.265400
vt 0.258350 0.265400
vt 0.255983 0.787086
vt 0.255983 0.787086
vt 0.258416 0.787086
vt 0.258416 0.787086
vt 0.275781 0.629596
vt 0.275781 0.629596
vt 0.275734 0.629596
vt 0.275734 0.629596
vt 0.258885 0.787086
vt 0.258885 0.787086
vt 0.258942 0.265400
vt 0.258942 0.265400
vt 0.278572 0.629596
vt 0.278572 0.629596
vt 0.258885 0.265400
vt 0.258885 0.265400
vt 0.258885 0.265400
vt 0.258885 0.265400
vt 0.258896 0.265400
vt 0.258896 0.265400
vt 0.258893 0.265400
vt 0.258893 0.265400
vt 0.258942 0.265400
vt 0.258942 0.265400
vt 0.258885 0.265400
vt 0.258885 0.265400
vt 0.258885 0.265400
vt 0.258885 0.265400
vt 0.258934 0.265400
vt 0.258934 0.265400
vt 0.258934 0.265400
vt 0.258934 0.265400
vt 0.258885 0.265400
vt 0.258885 0.265400
vt 0.258885 0.265400
vt 0.258885 0.265400
vt 0.258885 0.265400
vt 0.258885 0.265400
vt 0.258885 0.265400
vt 0.258885 0.265400
vt 0.258462 0.796929
vt 0.258483 0.796929
vt 0.258934 0.265400
vt 0.258931 0.265400
vt 0.258920 0.265400
vt 0.258920 0.265400
vt 0.258907 0.265400
vt 0.258907 0.265400
vt 0.258934 0.265400
vt 0.258931 0.265400
vt 0.258903 0.265400
vt 0.258924 0.265400
vt 0.258903 0.265400
vt 0.258924 0.265400
vt 0.258893 0.265400
vt 0.258894 0.265400
vt 0.258930 0.265400
vt 0.258930 0.265400
vt 0.258929 0.265400
vt 0.258929 0.265400
vt 0.258893 0.265400
vt 0.258894 0.265400
vt 0.258898 0.265400
vt 0.258899 0.265400
vt 0.258898 0.265400
vt 0.258899 0.265400
vt 0.258885 0.265400
vt 0.258885 0.265400
vt 0.258885 0.265400
vt 0.258885 0.265400
vt 0.258885 0.265400
vt 0.258885 0.265400
vt 0.258885 0.265400
vt 0.258885 0.265400
vt 0.256199 0.796929
vt 0.258390 0.787086
vt 0.256008 0.787086
vt 0.258250 0.265400
vt 0.258304 0.265400
vt 0.277990 0.629596
vt 0.278037 0.629596
vt 0.256149 0.796929
vt 0.256095 0.265400
vt 0.256149 0.265400
vt 0.256149 0.796929
vt 0.256199 0.796929
vt 0.256008 0.787086
vt 0.258390 0.787086
vt 0.277990 0.629596
vt 0.278037 0.629596
vt 0.256095 0.265400
vt 0.256149 0.265400
vt 0.258250 0.265400
vt 0.258304 0.265400
vt 0.260479 0.265400
vt 0.260479 0.265400
vt 0.260479 0.265400
vt 0.260479 0.265400
vt 0.260479 0.265400
vt 0.260479 0.265400
vt 0.260479 0.265400
vt 0.260479 0.265400
vt 0.260479 0.265400
vt 0.260479 0.265400
vt 0.260479 0.265400
vt 0.260479 0.265400
vt 0.260479 0.265400
vt 0.260479 0.265400
vt 0.260479 0.265400
vt 0.260479 0.265400
vt 0.260479 0.265400
vt 0.260479 0.265400
vt 0.339224 0.708341
vt 0.339224 0.708341
vt 0.339224 0.708341
vt 0.339224 0.708341
vt 0.260479 0.265400
vt 0.339224 0.708341
vt 0.339224 0.708341
vt 0.260479 0.265400
vt 0.339224 0.708341
vt 0.339224 0.708341
vt 0.260479 0.252286
vt 0.260479 0.252286
vt 0.260479 0.252286
vt 0.260479 0.252286
vt 0.260479 0.252286
vt 0.260479 0.252286
vt 0.260479 0.252286
vt 0.260479 0.252286
vt 0.260479 0.252286
vt 0.260479 0.252286
vt 0.260479 0.252286
vt 0.260479 0.252286
vt 0.260479 0.252286
vt 0.260479 0.252286
vt 0.260479 0.252286
vt 0.260479 0.252286
vt 0.260479 0.252286
vt 0.260479 0.252286
vt 0.260479 0.252286
vt 0.260479 0.252286
vt 0.260479 0.252286
vt 0.260479 0.252286
vt 0.260479 0.252286
vt 0.260479 0.252286
vt 0.260479 0.252286
vt 0.260479 0.252286
vt 0.260479 0.252286
vt 0.260479 0.252286
vt 0.260479 0.252286
vt 0.260479 0.252286
vt 0.260479 0.252286
vt 0.260479 0.252286
vt 0.260479 0.252286
vt 0.260479 0.252286
vt 0.260479 0.252286
vt 0.260479 0.252286
vt 0.260479 0.252286
vt 0.260479 0.252286
vt 0.260479 0.252286
vt 0.260479 0.252286
vt 0.260479 0.252286
vt 0.260479 0.252286
vt 0.260479 0.252286
vt 0.260479 0.252286
vt 0.260479 0.252286
vt 0.260479 0.252286
vt 0.260479 0.252286
vt 0.260479 0.252286
vt 0.260479 0.252286
vt 0.260479 0.252286
vt 0.270322 0.773972
vt 0.270322 0.773972
vt 0.270322 0.773972
vt 0.270322 0.773972
vt 0.270322 0.773972
vt 0.270322 0.773972
vt 0.270322 0.773972
vt 0.270322 0.773972
vt 0.260479 0.695227
vt 0.260479 0.695227
vt 0.260479 0.695227
vt 0.260479 0.695227
vt 0.260479 0.695227
vt 0.260479 0.695227
vt 0.260479 0.695227
vt 0.260479 0.695227
vt 0.319537 0.675541
vt 0.319537 0.675541
vt 0.319537 0.675541
vt 0.319537 0.675541
vt 0.319537 0.675541
vt 0.319537 0.675541
vt 0.319537 0.675541
vt 0.319537 0.675541
vt 0.270322 0.773972
vt 0.270322 0.773972
vt 0.270322 0.773972
vt 0.270322 0.773972
vt 0.260479 0.695227
vt 0.260479 0.695227
vt 0.260479 0.695227
vt 0.260479 0.695227
vt 0.260479 0.695227
vt 0.260479 0.695227
vt 0.260479 0.695227
vt 0.260479 0.695227
vt 0.319537 0.675541
vt 0.319537 0.675541
vt 0.319537 0.675541
vt 0.319537 0.675541
vt 0.319537 0.675541
vt 0.319537 0.675541
vt 0.319537 0.675541
vt 0.319537 0.675541
vt 0.270322 0.773972
vt 0.270322 0.773972
vt 0.270322 0.773972
vt 0.270322 0.773972
vt 0.270322 0.773972
vt 0.270322 0.773972
vt 0.270322 0.773972
vt 0.270322 0.773972
vt 0.270322 0.773972
vt 0.270322 0.773972
vt 0.270322 0.773972
vt 0.270322 0.773972
vt 0.260479 0.252286
vt 0.260479 0.252286
vt 0.260479 0.252286
vt 0.260479 0.252286
vt 0.260479 0.252286
vt 0.260479 0.252286
vn 0.9960 0.0000 -0.0898
vn 0.6579 0.7526 0.0279
vn 0.0000 -1.0000 0.0000
vn -0.8103 0.2218 -0.5425
vn 0.7172 0.6787 0.1583
vn 0.0000 1.0000 0.0000
vn 0.4558 -0.8882 -0.0586
vn 0.6682 0.7338 0.1227
vn 0.4005 -0.9163 0.0000
vn 0.2504 0.9677 0.0280
vn -0.3429 0.0000 -0.9394
vn 0.0000 0.0000 1.0000
vn -0.3079 -0.9514 0.0090
vn 0.0584 -0.9983 0.0001
vn 0.0585 0.9983 -0.0019
vn -0.9962 0.0000 0.0868
vn 0.4578 -0.8877 -0.0488
vn -0.0069 -0.0181 -0.9998
vn 0.0725 0.9973 -0.0105
vn 0.0779 0.9966 0.0280
vn 0.7442 0.6276 0.2286
vn 0.0010 -0.9903 0.1389
vn -0.3682 -0.2488 0.8958
vn 0.9701 0.0000 0.2426
vn 0.7141 0.0000 0.7001
vn 0.9573 0.1417 0.2521
vn 0.9644 0.0000 0.2645
vn -1.0000 0.0030 0.0007
vn 0.2399 0.9204 -0.3087
vn -0.0872 -0.3208 -0.9431
vn 0.7272 0.6779 -0.1078
vn 0.0000 -0.9954 -0.0961
vn 0.0000 -0.1053 -0.9944
vn 0.0000 0.0000 -1.0000
vn 0.3179 -0.9481 -0.0000
vn -0.3179 -0.9481 0.0000
vn 0.6868 0.0000 0.7269
vn -0.6868 0.0000 0.7269
vn 0.6868 0.0000 -0.7269
vn -0.6868 0.0000 -0.7269
vn 0.3179 0.9481 -0.0000
vn -0.3179 0.9481 0.0000
vn 0.9493 0.0000 0.3144
vn 0.5687 0.0000 0.8225
vn -0.9999 0.0000 0.0117
vn 0.0779 -0.9966 0.0280
vn -0.2485 -0.9686 0.0061
vn 0.8304 -0.0576 0.5543
vn 0.6252 -0.1675 0.7623
vn -0.3496 -0.5824 0.7338
vn 0.0576 -0.9983 -0.0104
vn -0.9957 0.0000 0.0921
vn 0.0768 0.9970 0.0119
vn -0.7391 0.3069 0.5996
vn -0.5401 0.0000 -0.8416
vn -0.4810 0.0000 -0.8767
vn -0.2716 -0.9620 0.0270
vn 0.7960 -0.1048 -0.5962
vn 0.0713 -0.9974 -0.0107
vn 0.9372 -0.2993 -0.1791
vn 0.9108 -0.2441 -0.3329
vn 0.9631 -0.2581 -0.0761
vn -0.0714 0.0191 -0.9973
vn -0.4142 0.9090 0.0459
vn -0.4099 -0.9121 0.0089
vn -0.4025 -0.9139 0.0537
vn -0.2863 -0.9580 0.0145
vn -0.3334 -0.9428 -0.0024
vn -0.3835 -0.9232 0.0242
vn -0.3331 -0.9420 0.0409
vn -0.3333 -0.9426 0.0193
vn -0.9603 0.2543 0.1149
vn 0.9108 -0.4057 -0.0768
vn 0.0184 0.1158 -0.9931
vn 0.0003 0.9974 0.0716
vn 0.9441 -0.3284 -0.0289
vn 0.0000 0.9553 -0.2957
vn 0.0041 0.9488 0.3157
vn 0.0005 0.0000 -1.0000
vn 0.3278 0.0000 0.9448
vn -1.0000 0.0041 0.0006
vn 0.1512 0.9726 0.1765
vn -0.3220 -0.0626 -0.9447
vn 0.6928 -0.2230 0.6857
vn 0.6947 -0.6164 -0.3706
vn -0.0101 -0.5676 -0.8233
vn 0.7080 0.1521 0.6896
vn 0.6741 -0.3506 -0.6502
vn 0.1512 -0.9726 0.1766
vn 0.0009 -0.9732 0.2300
vn 0.4676 -0.8600 0.2041
vn 0.0000 -0.9988 0.0481
vn -0.0058 -0.7150 -0.6991
vn -0.3380 0.2363 -0.9110
vn 0.9240 -0.2676 0.2732
vn -0.0000 -0.7538 0.6571
vn 0.9226 -0.1728 0.3448
vn 0.9756 0.2181 0.0252
vn -0.0001 -0.6654 0.7465
vn 0.0000 0.9995 -0.0305
vn 0.9459 -0.1613 0.2815
vn -0.0000 -0.2153 0.9766
vn -0.0001 -0.0100 1.0000
vn -0.0001 0.8431 0.5378
vn 0.7748 0.1673 0.6097
vn 0.9470 0.2143 -0.2394
vn 0.4431 -0.8338 0.3292
vn 0.0003 0.7863 -0.6179
vn -0.0193 0.8837 -0.4677
vn 0.9780 -0.0584 -0.2004
vn 0.1007 -0.8992 0.4257
vn 0.0000 -0.9198 -0.3923
vn 0.3817 -0.8906 0.2471
vn 0.9688 0.2156 0.1224
vn -0.3844 0.8900 -0.2451
vn 0.6496 -0.7602 0.0105
vn -0.3394 -0.0666 -0.9383
vn 0.3546 -0.9099 0.2153
vn 0.5704 0.6953 0.4372
vn 0.4103 -0.8939 0.1805
vn 0.5352 -0.8214 0.1971
vn 0.4627 -0.8709 0.1654
vn 0.4550 -0.8666 0.2047
vn -0.9098 0.4066 -0.0835
vn -0.7573 -0.6529 -0.0147
vn -0.0149 -0.4237 -0.9057
vn 0.7643 0.6269 0.1511
vn -0.2612 0.9591 -0.1089
vn -0.3119 0.9217 -0.2306
vn 0.5701 0.8211 0.0289
vn -0.6706 0.7418 0.0075
vn 0.4266 -0.9032 0.0466
vn -0.5332 -0.8455 0.0286
vn -0.9727 0.2262 -0.0523
vn 0.7539 -0.6552 -0.0484
vn 0.5347 0.8448 -0.0216
vn 0.9639 0.2652 0.0229
vn 0.1640 0.9491 -0.2690
vn 0.9968 0.0363 0.0711
vn -0.5386 -0.8425 0.0027
vn 0.4619 -0.8867 0.0183
vn -0.5733 -0.7356 -0.3609
vn -0.9456 -0.3231 -0.0368
vn -0.2376 -0.3347 0.9119
vn -0.0988 -0.4272 0.8988
vn 0.5720 0.7772 0.2623
vn 0.5962 0.7522 0.2806
vn 0.5978 0.7610 0.2521
vn -0.4578 -0.8418 0.2859
vn -0.4816 -0.8340 0.2691
vn -0.4723 -0.8291 0.2991
vn 0.0191 -0.5488 0.8358
vn -0.4341 -0.8539 0.2871
vn 0.5383 0.8028 0.2566
vn 0.6333 -0.7706 0.0709
vn -0.4309 0.8997 -0.0704
vn 0.5332 0.8455 -0.0286
vn 0.2438 -0.9675 0.0669
vn -0.6553 0.7520 -0.0706
vn -0.1573 -0.9769 0.1444
vn 0.5103 0.8513 -0.1224
vn 0.9412 0.3352 -0.0414
vn -0.9211 -0.3362 -0.1962
vn -0.0120 -0.6505 -0.7594
vn 0.3895 0.8060 -0.4457
vn -0.3625 0.8039 -0.4716
vn -0.2598 -0.9381 -0.2291
vn -0.2630 0.0168 -0.9646
vn 0.4919 0.8506 -0.1857
vn -0.5629 -0.8129 -0.1495
vn -0.3141 0.9386 -0.1430
vn -0.7244 0.6808 -0.1083
vn -0.7269 -0.6801 0.0948
vn -0.5103 -0.8513 0.1224
vn 0.3141 -0.9386 0.1430
vn 0.0000 -0.3865 -0.9223
vn 0.0000 0.9262 -0.3770
vn 0.9305 -0.2354 -0.2807
vn 0.0000 -0.9704 -0.2415
vn 0.6722 0.7401 0.0230
vn 0.5471 0.8269 -0.1299
vn 1.0000 -0.0021 0.0001
vn -0.0246 -0.9715 0.2356
vn 0.9455 -0.3189 0.0659
vn -0.9130 0.2836 -0.2933
vn 0.7323 0.6806 -0.0246
vn 0.9920 0.1127 0.0563
vn 0.0000 0.2362 -0.9717
vn -0.9502 -0.0914 0.2980
vn 0.9003 0.4346 -0.0232
vn 0.1396 0.2962 -0.9449
vn 0.1684 0.9609 -0.2197
vn 0.2041 0.9638 0.1715
vn 0.4376 0.8990 -0.0178
vn 0.4298 0.9006 -0.0643
vn 0.6661 0.6525 0.3613
vn -0.9968 -0.0299 0.0739
vn 0.3533 -0.9130 -0.2039
vn -0.3168 0.9287 0.1929
vn -0.2782 -0.4324 -0.8577
vn 0.7180 0.4628 0.5199
vn 0.2085 0.8212 0.5311
vn 0.1174 0.9858 0.1205
vn 0.5605 0.7530 0.3447
vn -0.7272 -0.6544 -0.2071
vn -0.1047 -0.9921 -0.0691
vn 0.8011 -0.2028 0.5632
vn 0.8084 -0.1739 0.5624
vn 0.8180 -0.1303 0.5602
vn -0.3590 -0.9323 -0.0439
vn -0.3490 -0.9363 -0.0392
vn -0.3275 -0.9444 -0.0294
vn 0.0660 -0.9974 0.0289
vn 0.0685 -0.9972 0.0291
vn 0.0725 -0.9969 0.0295
vn -0.9999 0.0000 0.0122
vn 0.0660 0.9974 0.0289
vn 0.0685 0.9972 0.0291
vn 0.0725 0.9969 0.0295
vn 0.3523 0.9328 0.0755
vn 0.3427 0.9367 0.0711
vn 0.3223 0.9446 0.0618
vn 0.2815 0.9581 -0.0538
vn 0.3014 0.9532 -0.0247
vn 0.3021 0.9531 -0.0194
vn 0.3153 0.9482 -0.0380
vn 0.3150 0.9491 -0.0077
vn 0.3583 0.9332 -0.0282
vn 0.1181 0.9638 0.2392
vn 0.1417 0.9860 0.0877
vn -0.5602 -0.0193 -0.8281
vn -0.9499 0.2995 0.0892
vn -0.9485 0.2994 0.1036
vn 0.9483 -0.3001 -0.1036
vn 0.9498 -0.2998 -0.0892
vn 0.4616 -0.1599 0.8725
vn -0.9508 0.3004 0.0759
vn -0.8978 0.2889 0.3325
vn -0.0083 0.0462 0.9989
vn -0.5073 0.2195 0.8334
vn 0.0076 0.0428 0.9991
vn -0.5145 0.2218 0.8283
vn -0.4818 0.2548 0.8384
vn -0.0000 0.1053 0.9944
vn 0.0000 0.2051 0.9787
vn -0.4245 0.3176 0.8479
vn 0.0029 -0.9612 0.2758
vn 0.0030 0.9616 -0.2745
vn 0.9752 0.0233 0.2200
vn -0.7346 -0.6781 0.0234
vn -0.0315 0.9711 0.2365
vn 0.0038 0.9709 0.2397
vn 0.0015 0.9707 0.2401
vn -0.0001 0.9988 0.0481
vn 0.0006 0.9988 0.0481
vn 0.0048 0.9985 0.0539
vn 0.9999 -0.0127 -0.0031
vn 0.9999 -0.0125 -0.0040
vn 0.9915 -0.0220 0.1279
vn 0.6350 0.3175 0.7042
vn -0.0004 0.8203 0.5720
vn -0.0149 0.1461 -0.9892
vn 0.0231 0.9693 0.2449
vn 0.0034 0.9704 0.2415
vn 0.0117 0.9707 0.2401
vn -0.0133 0.9582 0.2858
vn 0.0208 0.9516 0.3066
vn 0.0187 0.9574 0.2883
vn 0.0058 0.9705 0.2412
vn 0.0204 0.9547 0.2969
vn -0.9915 0.0474 -0.1215
vn -0.6202 0.2190 -0.7533
vn 0.0033 0.2691 -0.9631
vn 0.0145 -0.2693 0.9629
vn -0.0458 0.9984 -0.0323
vn 0.0000 0.9996 -0.0299
vn 0.0000 0.8021 0.5972
vn 0.0038 0.9995 -0.0323
vn -1.0000 0.0021 -0.0001
vn 1.0000 -0.0017 -0.0013
vn 0.0000 -0.2992 0.9542
vn -0.0000 0.2992 -0.9542
vn -0.2504 0.9074 -0.3375
vn 0.2859 0.9582 -0.0084
vn 0.9758 0.2182 0.0133
vn -0.0000 -0.9373 0.3486
vn 0.9886 -0.1228 0.0866
vn 0.0000 0.9999 -0.0138
vn 0.2299 -0.9689 0.0915
vn -0.0097 0.9991 0.0401
vn 0.9894 -0.0648 -0.1302
vn 0.0157 -0.9754 0.2198
vn 0.9131 0.2035 -0.3532
vn 0.2892 0.9572 -0.0044
vn 0.2406 -0.9667 0.0876
vn 0.2894 0.9572 -0.0044
vn 0.9181 0.2129 -0.3343
vn -0.0156 -0.9757 0.2187
vn 0.9894 -0.0877 -0.1156
vn 0.0085 0.9994 0.0341
vn -0.0006 0.9975 -0.0711
vn 0.9297 -0.1691 0.3273
vn -0.0000 -0.8882 0.4594
vn -0.3966 -0.0978 0.9128
vn 0.1762 0.9754 -0.1328
vn 0.6377 0.3627 0.6796
vn -0.7858 -0.1888 0.5890
vn 0.8372 0.0487 -0.5447
vn 0.0330 0.8697 -0.4924
vn 0.0333 -0.8869 0.4608
vn -0.8469 -0.0133 0.5315
vn 0.7915 0.1756 -0.5853
vn -0.0160 -0.8746 0.4846
vn -0.1214 0.9020 -0.4144
vn 0.7180 0.4628 0.5200
vn 0.2773 0.9593 -0.0528
vn 0.3014 0.9534 -0.0168
vn 0.3010 0.9532 -0.0265
vn 0.3167 0.9478 -0.0382
vn 0.3191 0.9477 -0.0079
vn 0.3627 0.9315 -0.0274
vn -0.1113 0.7135 0.6918
vn 0.2280 0.9733 0.0282
vn 0.3044 0.9523 -0.0219
vn 0.3325 0.9428 -0.0246
vn 0.3182 0.9452 -0.0733
vn 0.9511 -0.2995 -0.0759
vn 0.8978 -0.2889 -0.3325
vn -0.9717 0.1290 0.1980
vn 0.8280 0.0903 -0.5534
vn 0.0080 0.0209 0.9997
vn 0.9860 0.1510 -0.0711
vn -0.9393 -0.1554 0.3060
vn 0.2406 0.6228 -0.7444
vn 0.9211 0.2594 -0.2904
vn 0.0271 0.9848 -0.1714
vn 0.3962 0.9173 -0.0392
vn -0.3349 0.9418 0.0293
vn 0.0819 0.9913 0.1026
vn 0.2157 0.8862 0.4101
vn -0.1584 0.0240 -0.9871
vn 0.1740 -0.0252 0.9844
vn 0.0802 -0.0181 0.9966
vn 0.9939 -0.0756 -0.0802
vn 0.2455 -0.0305 0.9689
vn -0.9938 0.0755 0.0813
vn -0.0770 -0.9969 -0.0150
vn 0.0672 0.9927 -0.1005
vn -0.0768 -0.9970 -0.0119
vn -0.0765 -0.9970 -0.0089
vn 0.0791 -0.0180 0.9967
vn 0.9840 -0.0738 -0.1619
vn 0.1890 -0.0077 0.9819
vn 0.1850 -0.0445 0.9817
vn 0.0921 -0.1265 0.9877
vn 0.1106 0.0879 0.9900
vn -0.9939 0.0756 0.0808
vn 0.9939 -0.0756 -0.0808
vn -0.9726 0.2284 0.0445
vn 0.9991 0.0022 -0.0421
vn -0.7571 -0.6515 0.0490
vn 0.0789 -0.0180 0.9967
vn 0.0804 -0.0181 0.9966
vn -0.0789 0.0180 -0.9967
vn 0.0796 -0.0180 0.9967
vn -0.0796 0.0180 -0.9967
vn 0.1001 0.9945 0.0308
vn 0.0899 0.9949 -0.0448
vn 0.0358 0.9992 0.0152
vn 0.0415 0.9990 0.0148
vn 0.0499 0.9987 0.0141
vn 0.0958 0.9953 0.0125
vn 0.0472 0.9988 0.0143
vn 0.0980 0.9951 0.0094
vn 0.8881 0.4596 0.0055
vn 0.8125 0.5829 0.0070
vn 0.3321 -0.0338 0.9427
vn -0.1454 -0.9884 -0.0438
vn 0.9858 0.0328 -0.1645
vn -0.9728 0.2271 0.0451
vn 0.3080 -0.0376 0.9506
vn 0.9985 0.0371 -0.0408
vn -0.1493 0.0280 -0.9884
vn 0.9737 0.0631 -0.2188
vn -0.9470 0.2983 -0.1193
vn -0.3138 0.6089 -0.7286
vn -0.1492 0.0279 -0.9884
vn -0.1025 -0.9798 0.1716
vn -0.3002 0.5893 -0.7501
vn -0.9459 0.2891 -0.1473
vn -0.0802 0.0181 -0.9966
vn -0.0791 0.0180 -0.9967
vn -0.9970 0.0768 -0.0009
vn 0.0670 0.9922 -0.1051
vn -0.9970 0.0769 -0.0093
vn -0.0853 -0.9886 -0.1242
vn -0.0855 -0.9880 -0.1288
vn 0.9827 -0.0736 -0.1702
vn 0.6485 -0.7584 -0.0651
vn -0.1601 -0.0290 0.9867
vn -0.0769 -0.9970 -0.0119
vn 0.6484 -0.7584 -0.0659
vn 0.0792 -0.0180 0.9967
vn 0.0801 -0.0181 0.9966
vn -0.7571 -0.6516 0.0484
vn 0.3100 -0.0647 0.9485
vn 0.9939 -0.0756 -0.0807
vn -0.9939 0.0756 0.0807
vn -0.0804 0.0181 -0.9966
vn 0.3102 -0.0647 0.9485
vn 0.1051 0.4023 0.9095
vn -0.9945 0.0758 0.0716
vn 0.0844 -0.0184 0.9963
vn 0.9939 -0.0755 -0.0807
vn 0.0737 0.9972 0.0121
vn 0.0798 0.9967 0.0116
vn -0.0800 0.0181 -0.9966
vn -0.0784 0.0271 -0.9965
vn -0.0744 -0.9970 -0.0212
vn 0.1040 0.4023 0.9096
vn -0.1599 -0.0289 0.9867
vn -0.0766 -0.9970 -0.0119
vn -0.0801 0.0181 -0.9966
vn -0.0792 0.0180 -0.9967
vn 0.0774 0.9968 0.0210
vn 0.0775 0.9968 0.0210
vn 0.0775 0.9968 0.0211
vn -0.9935 0.0748 0.0855
vn -0.9937 0.0788 0.0792
vn -0.9929 0.0822 0.0857
vn -0.9927 0.0782 0.0915
vn -0.0768 -0.9970 -0.0118
vn -0.0767 -0.9970 -0.0119
vn -0.0768 -0.9970 -0.0120
vn 0.9942 -0.0763 -0.0761
vn 0.9949 -0.0728 -0.0701
vn 0.9947 -0.0689 -0.0759
vn 0.9940 -0.0723 -0.0825
vn -0.9937 0.0788 0.0791
vn -0.9929 0.0822 0.0856
vn -0.9927 0.0782 0.0914
vn 0.0776 0.9968 0.0211
vn 0.9942 -0.0763 -0.0760
vn 0.9949 -0.0729 -0.0701
vn 0.9940 -0.0723 -0.0823
vn 0.9931 -0.0753 -0.0899
vn 0.0793 -0.0272 0.9965
vn 0.0785 -0.0271 0.9965
vn -0.0794 0.0272 -0.9965
vn 0.9945 -0.0726 -0.0760
vn 0.9945 -0.0726 -0.0759
vn 0.0749 -0.0177 0.9970
vn -0.0709 0.0699 -0.9950
vn -0.0744 -0.9970 -0.0213
vn 0.0737 0.9972 0.0122
vn 0.9939 -0.0755 -0.0808
vn -0.9939 0.0755 0.0807
vn 0.0800 -0.0181 0.9966
vn -0.9939 0.0755 0.0808
vn -0.9932 0.0785 0.0856
vn -0.9932 0.0785 0.0855
vn 0.0798 0.9967 0.0117
vn -0.0801 0.0706 -0.9943
vn -0.0806 -0.9965 -0.0208
vn -0.0805 -0.9965 -0.0207
vn 0.0775 0.9969 0.0147
vn 0.0783 0.9968 0.0148
vn 0.0775 0.9969 0.0149
vn 0.0767 0.9969 0.0149
vn 0.0770 0.9970 0.0090
vn 0.0763 0.9970 0.0090
vn 0.0769 0.9970 0.0088
vn 0.0776 0.9969 0.0089
vn -0.9328 0.3513 0.0806
vn 0.1427 0.5928 0.7926
vn -0.9938 0.0760 0.0806
vn -0.1154 0.0208 -0.9931
vn 0.9938 -0.0760 -0.0813
vn 0.9938 -0.0760 -0.0809
vn -0.1176 0.0209 -0.9928
vn -0.9939 0.0760 0.0802
vn 0.0800 0.9967 0.0146
vn 0.0775 0.9969 0.0150
vn 0.0751 0.9971 0.0150
vn 0.0769 0.9970 0.0090
vn 0.0747 0.9972 0.0091
vn 0.0792 0.9968 0.0087
vn 0.0775 0.9969 0.0148
vn 0.0769 0.9970 0.0089
vn -0.9801 -0.1838 0.0744
vn 0.1457 0.5909 0.7935
vn 0.9749 0.2105 -0.0727
vn -0.0188 0.6279 -0.7781
vn -0.0219 0.6204 -0.7840
vn 0.9386 -0.3356 -0.0802
vn 0.0289 0.9995 0.0158
vn 0.0745 0.9972 0.0091
vn 0.1206 0.9927 0.0083
vn 0.0753 0.9970 0.0150
vn 0.0749 0.9971 0.0121
vn 0.9858 -0.1466 -0.0818
vn -0.9770 0.1971 0.0811
vn -0.1460 -0.1879 -0.9713
vn 0.0501 0.0000 0.9987
vn 0.0829 0.9955 0.0449
vn 0.0829 -0.9955 0.0449
vn -1.0000 0.0000 -0.0054
vn -0.0301 0.9540 -0.2981
vn 0.0405 0.9773 -0.2080
vn 0.0000 0.6068 -0.7949
vn 0.6987 0.6767 -0.2322
vn 0.9444 -0.1080 -0.3106
vn 0.0000 -0.0556 -0.9985
vn -0.9405 0.0274 0.3386
vn -0.9405 0.0273 0.3387
vn -0.0919 0.9459 -0.3111
vn 0.9444 -0.1079 -0.3107
vn 0.9927 0.1108 0.0466
vn 0.1214 -0.0420 -0.9917
vn 0.9926 0.1112 0.0486
vn -0.9947 -0.0691 0.0756
vn 0.0843 -0.3196 -0.9438
vn 0.1177 -0.0424 -0.9921
vn 0.0169 -0.9824 0.1862
vn 0.1898 0.9652 -0.1800
vn -0.0532 0.0497 0.9973
vn -0.0461 -0.9840 0.1722
vn -0.9937 -0.0629 0.0931
vn 0.1706 0.9714 -0.1650
vn -0.0683 0.9884 -0.1354
vn -0.0578 0.9556 -0.2891
vn 0.0046 0.9907 -0.1362
vn -0.0353 0.9923 -0.1185
vn 0.4052 0.4371 0.8030
vn 0.0015 0.0034 -1.0000
vn 0.9926 0.1113 0.0493
vn 0.9926 0.1105 0.0511
vn 0.9923 0.1121 0.0533
vn 0.9923 0.1128 0.0506
vn -0.0991 0.9740 -0.2038
vn -0.0566 0.0493 0.9972
vn -0.1001 0.9765 -0.1910
vn 0.0991 -0.9740 0.2038
vn 0.9926 0.1112 0.0484
vn 0.9926 0.1100 0.0512
vn 0.9921 0.1125 0.0553
vn 0.9923 0.1132 0.0505
vn 0.9924 0.1116 0.0509
vn -0.0843 0.3196 0.9438
vn 0.0566 -0.0493 -0.9972
vn 0.1001 -0.9765 0.1910
vn 0.9927 0.1109 0.0469
vn 0.9928 0.1103 0.0475
vn 0.9926 0.1111 0.0480
vn 0.9926 0.1117 0.0473
vn 0.0532 -0.0497 -0.9973
vn -0.1007 0.9783 -0.1811
vn 0.1005 -0.9776 0.1847
vn 0.0808 -0.3200 -0.9440
vn 0.9927 0.1108 0.0467
vn 0.9928 0.1099 0.0476
vn 0.9926 0.1111 0.0482
vn 0.9926 0.1120 0.0472
vn 0.9927 0.1110 0.0474
vn 0.1007 -0.9783 0.1811
vn -0.1005 0.9776 -0.1847
vn -0.0808 0.3200 0.9440
vn 0.0671 0.3330 0.9406
vn 0.0671 0.3330 0.9405
vn -0.1612 -0.9267 0.3395
vn 0.0353 0.9413 -0.3357
vn 0.9937 0.0629 -0.0931
vn 0.0486 0.3317 0.9421
vn -0.1844 -0.9240 0.3349
vn -0.0244 0.9433 -0.3309
vn 0.9947 0.0691 -0.0757
vn 0.2661 0.3275 0.9066
vn 0.4122 0.3165 0.8544
vn 0.2876 0.3387 0.8959
vn 0.2895 0.3137 0.9043
vn 0.3690 0.3362 0.8665
vn 0.3534 0.3341 0.8738
vn 0.3240 0.3356 0.8846
vn 0.2988 0.3365 0.8930
vn 0.3722 0.3047 0.8767
vn 0.3546 0.3094 0.8823
vn 0.3251 0.3125 0.8926
vn 0.2999 0.3148 0.9005
vn 0.3932 0.3183 0.8626
vn 0.2752 0.3270 0.9040
vn 0.2986 0.3257 0.8971
vn 0.3234 0.3241 0.8890
vn 0.3523 0.3220 0.8788
vn 0.1396 -0.9457 0.2934
vn 0.9444 -0.1078 -0.3107
vn -0.9405 0.0276 0.3386
vn 0.9444 -0.1077 -0.3107
vn 0.2085 0.8213 0.5311
vn -0.7562 -0.6298 -0.1776
vn 0.7562 0.6298 0.1776
vn -0.2019 -0.9706 -0.1314
vn 0.9389 -0.0031 -0.3443
vn -0.6551 -0.7441 0.1311
vn -0.9046 -0.3317 -0.2676
vn -0.9751 0.1799 -0.1295
vn -0.0977 -0.9668 0.2360
vn 0.1587 0.2599 -0.9525
vn 0.1754 0.9587 -0.2240
vn 0.2482 0.7905 0.5600
vn 0.9745 -0.1836 0.1292
vn 0.9221 0.3620 0.1365
vn 0.9791 0.2006 0.0349
vn -0.9310 0.0266 0.3641
vn 0.0793 -0.0180 0.9967
vn -0.0793 0.0180 -0.9967
vn -0.9960 0.0000 -0.0898
vn -0.6579 0.7526 0.0279
vn 0.8103 0.2218 -0.5425
vn -0.7172 0.6787 0.1583
vn 1.0000 0.0000 0.0000
vn -0.4558 -0.8882 -0.0586
vn -0.6682 0.7338 0.1227
vn -0.4005 -0.9163 0.0000
vn -0.2504 0.9677 0.0280
vn 0.3429 0.0000 -0.9394
vn 0.3079 -0.9514 0.0090
vn -0.0584 -0.9983 0.0001
vn -0.0585 0.9983 -0.0019
vn 0.9962 0.0000 0.0868
vn -0.4578 -0.8877 -0.0488
vn 0.0069 -0.0181 -0.9998
vn -0.0725 0.9973 -0.0105
vn -0.0779 0.9966 0.0280
vn -0.7442 0.6276 0.2286
vn -0.0010 -0.9903 0.1389
vn 0.3682 -0.2488 0.8958
vn -0.9701 0.0000 0.2426
vn -0.7141 0.0000 0.7001
vn -0.9573 0.1417 0.2521
vn -0.9644 0.0000 0.2645
vn 1.0000 0.0030 0.0007
vn -0.2399 0.9204 -0.3087
vn 0.0872 -0.3208 -0.9431
vn -0.7272 0.6779 -0.1078
vn -0.9493 0.0000 0.3144
vn -0.5687 0.0000 0.8225
vn 0.9999 0.0000 0.0117
vn -0.0779 -0.9966 0.0280
vn 0.2485 -0.9686 0.0061
vn -0.8304 -0.0576 0.5543
vn -0.6252 -0.1675 0.7623
vn 0.3496 -0.5824 0.7338
vn -0.0576 -0.9983 -0.0104
vn 0.9957 0.0000 0.0921
vn -0.0768 0.9970 0.0119
vn 0.7391 0.3069 0.5996
vn 0.5401 0.0000 -0.8416
vn 0.4810 0.0000 -0.8767
vn 0.2716 -0.9620 0.0270
vn -0.7960 -0.1048 -0.5962
vn -0.0713 -0.9974 -0.0107
vn -0.9372 -0.2993 -0.1791
vn -0.9108 -0.2441 -0.3329
vn -0.9631 -0.2581 -0.0761
vn 0.0714 0.0191 -0.9973
vn 0.4142 0.9090 0.0459
vn 0.4099 -0.9121 0.0089
vn 0.4025 -0.9139 0.0537
vn 0.2863 -0.9580 0.0145
vn 0.3334 -0.9428 -0.0024
vn 0.3835 -0.9232 0.0242
vn 0.3331 -0.9420 0.0409
vn 0.3333 -0.9426 0.0193
vn 0.9603 0.2543 0.1149
vn -0.9108 -0.4057 -0.0768
vn -0.0184 0.1158 -0.9931
vn -0.0003 0.9974 0.0716
vn -0.9441 -0.3284 -0.0289
vn -0.0041 0.9488 0.3157
vn -0.0005 0.0000 -1.0000
vn -0.3278 0.0000 0.9448
vn 1.0000 0.0041 0.0006
vn -0.1512 0.9726 0.1765
vn 0.3220 -0.0626 -0.9447
vn -0.6928 -0.2230 0.6857
vn -0.6947 -0.6164 -0.3706
vn 0.0101 -0.5676 -0.8233
vn -0.7080 0.1521 0.6896
vn -0.6741 -0.3506 -0.6502
vn -0.1512 -0.9726 0.1766
vn -0.0009 -0.9732 0.2300
vn -0.4676 -0.8600 0.2041
vn 0.0058 -0.7150 -0.6991
vn 0.3380 0.2363 -0.9110
vn -0.9240 -0.2676 0.2732
vn -0.9226 -0.1728 0.3448
vn -0.9756 0.2181 0.0252
vn 0.0001 -0.6654 0.7465
vn -0.9459 -0.1613 0.2815
vn 0.0001 -0.0100 1.0000
vn 0.0001 0.8431 0.5378
vn -0.7748 0.1673 0.6097
vn -0.9470 0.2143 -0.2394
vn -0.4431 -0.8338 0.3292
vn -0.0003 0.7863 -0.6179
vn 0.0193 0.8837 -0.4677
vn -0.9780 -0.0584 -0.2004
vn -0.1007 -0.8992 0.4257
vn -0.3817 -0.8906 0.2471
vn -0.9688 0.2156 0.1224
vn 0.3844 0.8900 -0.2451
vn -0.6496 -0.7602 0.0105
vn 0.3394 -0.0666 -0.9383
vn -0.3546 -0.9099 0.2153
vn -0.5704 0.6953 0.4372
vn -0.4103 -0.8939 0.1805
vn -0.5352 -0.8214 0.1971
vn -0.4627 -0.8709 0.1654
vn -0.4550 -0.8666 0.2047
vn 0.9098 0.4066 -0.0835
vn 0.7573 -0.6529 -0.0147
vn 0.0149 -0.4237 -0.9057
vn -0.7643 0.6269 0.1511
vn 0.2612 0.9591 -0.1089
vn 0.3119 0.9217 -0.2306
vn -0.5701 0.8211 0.0289
vn 0.6706 0.7418 0.0075
vn -0.4266 -0.9032 0.0466
vn 0.5332 -0.8455 0.0286
vn 0.9727 0.2262 -0.0523
vn -0.7539 -0.6552 -0.0484
vn -0.5347 0.8448 -0.0216
vn -0.9639 0.2652 0.0229
vn -0.1640 0.9491 -0.2690
vn -0.9968 0.0363 0.0711
vn 0.5386 -0.8425 0.0027
vn -0.4619 -0.8867 0.0183
vn 0.5733 -0.7356 -0.3609
vn 0.9456 -0.3231 -0.0368
vn 0.2376 -0.3347 0.9119
vn 0.0988 -0.4272 0.8988
vn -0.5720 0.7772 0.2623
vn -0.5962 0.7522 0.2806
vn -0.5978 0.7610 0.2521
vn 0.4578 -0.8418 0.2859
vn 0.4816 -0.8340 0.2691
vn 0.4723 -0.8291 0.2991
vn -0.0191 -0.5488 0.8358
vn 0.4341 -0.8539 0.2871
vn -0.5383 0.8028 0.2566
vn -0.6333 -0.7706 0.0709
vn 0.4309 0.8997 -0.0704
vn -0.5332 0.8455 -0.0286
vn -0.2438 -0.9675 0.0669
vn 0.6553 0.7520 -0.0706
vn 0.1573 -0.9769 0.1444
vn -0.5103 0.8513 -0.1224
vn -0.9412 0.3352 -0.0414
vn 0.9211 -0.3362 -0.1962
vn 0.0120 -0.6505 -0.7594
vn -0.3895 0.8060 -0.4457
vn 0.3625 0.8039 -0.4716
vn 0.2598 -0.9381 -0.2291
vn 0.2630 0.0168 -0.9646
vn -0.4919 0.8506 -0.1857
vn 0.5629 -0.8129 -0.1495
vn 0.3141 0.9386 -0.1430
vn 0.7244 0.6808 -0.1083
vn 0.7269 -0.6801 0.0948
vn 0.5103 -0.8513 0.1224
vn -0.3141 -0.9386 0.1430
vn -0.9305 -0.2354 -0.2807
vn -0.6722 0.7401 0.0230
vn -0.5471 0.8269 -0.1299
vn -1.0000 -0.0021 0.0001
vn 0.0246 -0.9715 0.2356
vn -0.9455 -0.3189 0.0659
vn 0.9130 0.2836 -0.2933
vn -0.7323 0.6806 -0.0246
vn -0.9920 0.1127 0.0563
vn 0.9502 -0.0914 0.2980
vn -0.9003 0.4346 -0.0232
vn -0.1396 0.2962 -0.9449
vn -0.1684 0.9609 -0.2197
vn -0.2041 0.9638 0.1715
vn -0.4376 0.8990 -0.0178
vn -0.4298 0.9006 -0.0643
vn -0.6661 0.6525 0.3613
vn 0.9968 -0.0299 0.0739
vn -0.3533 -0.9130 -0.2039
vn 0.3168 0.9287 0.1929
vn 0.2782 -0.4324 -0.8577
vn -0.7180 0.4628 0.5199
vn -0.2085 0.8212 0.5311
vn -0.1174 0.9858 0.1205
vn -0.5605 0.7530 0.3447
vn 0.7272 -0.6544 -0.2071
vn 0.1047 -0.9921 -0.0691
vn -0.8011 -0.2028 0.5632
vn -0.8084 -0.1739 0.5624
vn -0.8180 -0.1303 0.5602
vn 0.3590 -0.9323 -0.0439
vn 0.3490 -0.9363 -0.0392
vn 0.3275 -0.9444 -0.0294
vn -0.0660 -0.9974 0.0289
vn -0.0685 -0.9972 0.0291
vn -0.0725 -0.9969 0.0295
vn 0.9999 0.0000 0.0122
vn -0.0660 0.9974 0.0289
vn -0.0685 0.9972 0.0291
vn -0.0725 0.9969 0.0295
vn -0.3523 0.9328 0.0755
vn -0.3427 0.9367 0.0711
vn -0.3223 0.9446 0.0618
vn -0.2815 0.9581 -0.0538
vn -0.3014 0.9532 -0.0247
vn -0.3021 0.9531 -0.0194
vn -0.3153 0.9482 -0.0380
vn -0.3150 0.9491 -0.0077
vn -0.3583 0.9332 -0.0282
vn -0.1181 0.9638 0.2392
vn -0.1417 0.9860 0.0877
vn 0.5602 -0.0193 -0.8281
vn 0.9499 0.2995 0.0892
vn 0.9485 0.2994 0.1036
vn -0.9483 -0.3001 -0.1036
vn -0.9498 -0.2998 -0.0892
vn -0.4616 -0.1599 0.8725
vn 0.9508 0.3004 0.0759
vn 0.8978 0.2889 0.3325
vn 0.0083 0.0462 0.9989
vn 0.5073 0.2195 0.8334
vn -0.0076 0.0428 0.9991
vn 0.5145 0.2218 0.8283
vn 0.4818 0.2548 0.8384
vn 0.4245 0.3176 0.8479
vn -0.0029 -0.9612 0.2758
vn -0.0030 0.9616 -0.2745
vn -0.9752 0.0233 0.2200
vn 0.7346 -0.6781 0.0234
vn 0.0315 0.9711 0.2365
vn -0.0038 0.9709 0.2397
vn -0.0015 0.9707 0.2401
vn 0.0001 0.9988 0.0481
vn -0.0006 0.9988 0.0481
vn -0.0048 0.9985 0.0539
vn -0.9999 -0.0127 -0.0031
vn -0.9999 -0.0125 -0.0040
vn -0.9915 -0.0220 0.1279
vn -0.6350 0.3175 0.7042
vn 0.0004 0.8203 0.5720
vn 0.0149 0.1461 -0.9892
vn -0.0231 0.9693 0.2449
vn -0.0034 0.9704 0.2415
vn -0.0117 0.9707 0.2401
vn 0.0133 0.9582 0.2858
vn -0.0208 0.9516 0.3066
vn -0.0187 0.9574 0.2883
vn -0.0058 0.9705 0.2412
vn -0.0204 0.9547 0.2969
vn 0.9915 0.0474 -0.1215
vn 0.6202 0.2190 -0.7533
vn -0.0033 0.2691 -0.9631
vn -0.0145 -0.2693 0.9629
vn 0.0458 0.9984 -0.0323
vn -0.0038 0.9995 -0.0323
vn 1.0000 0.0021 -0.0001
vn -1.0000 -0.0017 -0.0013
vn 0.2504 0.9074 -0.3375
vn -0.2859 0.9582 -0.0084
vn -0.9758 0.2182 0.0133
vn -0.9886 -0.1228 0.0866
vn -0.2299 -0.9689 0.0915
vn 0.0097 0.9991 0.0401
vn -0.9894 -0.0648 -0.1302
vn -0.0157 -0.9754 0.2198
vn -0.9131 0.2035 -0.3532
vn -0.2892 0.9572 -0.0044
vn -0.2406 -0.9667 0.0876
vn -0.2894 0.9572 -0.0044
vn -0.9181 0.2129 -0.3343
vn 0.0156 -0.9757 0.2187
vn -0.9894 -0.0877 -0.1156
vn -0.0085 0.9994 0.0341
vn 0.0006 0.9975 -0.0711
vn -0.9297 -0.1691 0.3273
vn 0.3966 -0.0978 0.9128
vn -0.1762 0.9754 -0.1327
vn -0.6377 0.3627 0.6796
vn 0.7858 -0.1888 0.5890
vn -0.8372 0.0487 -0.5447
vn -0.0330 0.8697 -0.4924
vn -0.0333 -0.8869 0.4608
vn 0.8469 -0.0133 0.5315
vn -0.7915 0.1756 -0.5853
vn 0.0160 -0.8746 0.4846
vn 0.1214 0.9020 -0.4144
vn -0.7180 0.4628 0.5200
vn -0.2773 0.9593 -0.0528
vn -0.3014 0.9534 -0.0168
vn -0.3010 0.9532 -0.0265
vn -0.3167 0.9478 -0.0382
vn -0.3191 0.9477 -0.0079
vn -0.3627 0.9315 -0.0274
vn 0.1113 0.7135 0.6918
vn -0.2280 0.9733 0.0282
vn -0.3044 0.9523 -0.0219
vn -0.3325 0.9428 -0.0246
vn -0.3182 0.9452 -0.0733
vn -0.9511 -0.2995 -0.0759
vn -0.8978 -0.2889 -0.3325
vn 0.9717 0.1290 0.1980
vn -0.8280 0.0903 -0.5534
vn -0.0080 0.0209 0.9997
vn -0.9860 0.1510 -0.0711
vn 0.9393 -0.1554 0.3060
vn -0.2406 0.6228 -0.7444
vn -0.9211 0.2594 -0.2904
vn -0.0271 0.9848 -0.1714
vn -0.3962 0.9173 -0.0392
vn 0.3349 0.9418 0.0293
vn -0.0819 0.9913 0.1026
vn -0.2157 0.8862 0.4101
vn 0.1584 0.0240 -0.9871
vn -0.1740 -0.0252 0.9844
vn -0.0802 -0.0181 0.9966
vn -0.9939 -0.0756 -0.0802
vn -0.2455 -0.0305 0.9689
vn 0.9938 0.0755 0.0813
vn 0.0770 -0.9969 -0.0150
vn -0.0672 0.9927 -0.1005
vn 0.0768 -0.9970 -0.0119
vn 0.0765 -0.9970 -0.0089
vn -0.0791 -0.0180 0.9967
vn -0.9840 -0.0738 -0.1619
vn -0.1890 -0.0077 0.9819
vn -0.1850 -0.0445 0.9817
vn -0.0921 -0.1265 0.9877
vn -0.1106 0.0879 0.9900
vn 0.9939 0.0756 0.0808
vn -0.9939 -0.0756 -0.0808
vn 0.9726 0.2284 0.0445
vn -0.9991 0.0022 -0.0421
vn -0.9939 -0.0755 -0.0808
vn 0.7571 -0.6515 0.0490
vn -0.0789 -0.0180 0.9967
vn -0.0804 -0.0181 0.9966
vn 0.0789 0.0180 -0.9967
vn -0.0796 -0.0180 0.9967
vn 0.0796 0.0180 -0.9967
vn -0.1001 0.9945 0.0308
vn -0.0899 0.9949 -0.0448
vn -0.0358 0.9992 0.0152
vn -0.0415 0.9990 0.0148
vn -0.0499 0.9987 0.0141
vn -0.0958 0.9953 0.0125
vn -0.0472 0.9988 0.0143
vn -0.0980 0.9951 0.0094
vn -0.8881 0.4596 0.0055
vn -0.8125 0.5829 0.0070
vn -0.3320 -0.0338 0.9427
vn 0.1454 -0.9884 -0.0438
vn -0.9858 0.0328 -0.1645
vn 0.9728 0.2271 0.0451
vn -0.3080 -0.0376 0.9506
vn -0.9985 0.0371 -0.0408
vn 0.1493 0.0280 -0.9884
vn -0.9737 0.0631 -0.2188
vn 0.9470 0.2983 -0.1193
vn 0.3138 0.6089 -0.7285
vn 0.1492 0.0279 -0.9884
vn 0.1025 -0.9798 0.1717
vn 0.3002 0.5893 -0.7501
vn 0.9459 0.2891 -0.1473
vn 0.0802 0.0181 -0.9966
vn 0.0791 0.0180 -0.9967
vn 0.9970 0.0768 -0.0009
vn -0.0670 0.9922 -0.1051
vn 0.9970 0.0769 -0.0093
vn 0.0853 -0.9886 -0.1242
vn 0.0855 -0.9880 -0.1288
vn -0.9827 -0.0736 -0.1702
vn 0.9939 0.0755 0.0808
vn -0.6485 -0.7584 -0.0651
vn 0.1601 -0.0290 0.9867
vn 0.0769 -0.9970 -0.0119
vn -0.6484 -0.7584 -0.0659
vn -0.0792 -0.0180 0.9967
vn -0.0801 -0.0181 0.9966
vn 0.7571 -0.6516 0.0484
vn -0.3100 -0.0647 0.9485
vn -0.9939 -0.0756 -0.0807
vn 0.9939 0.0756 0.0807
vn 0.0804 0.0181 -0.9966
vn -0.3102 -0.0647 0.9485
vn -0.1051 0.4023 0.9095
vn 0.9945 0.0758 0.0716
vn -0.0844 -0.0184 0.9963
vn -0.9939 -0.0755 -0.0807
vn -0.0737 0.9972 0.0121
vn -0.0798 0.9967 0.0116
vn 0.0800 0.0181 -0.9966
vn 0.0784 0.0271 -0.9965
vn 0.0744 -0.9970 -0.0212
vn -0.1040 0.4023 0.9096
vn 0.1599 -0.0289 0.9867
vn 0.0766 -0.9970 -0.0119
vn 0.0801 0.0181 -0.9966
vn 0.0792 0.0180 -0.9967
vn -0.0774 0.9968 0.0210
vn -0.0775 0.9968 0.0210
vn -0.0775 0.9968 0.0211
vn 0.9935 0.0748 0.0855
vn 0.9937 0.0788 0.0792
vn 0.9929 0.0822 0.0856
vn 0.9927 0.0782 0.0915
vn 0.0768 -0.9970 -0.0118
vn 0.0767 -0.9970 -0.0119
vn 0.0768 -0.9970 -0.0120
vn -0.9942 -0.0763 -0.0761
vn -0.9949 -0.0728 -0.0701
vn -0.9947 -0.0689 -0.0759
vn -0.9940 -0.0723 -0.0825
vn 0.9937 0.0788 0.0791
vn 0.9927 0.0782 0.0914
vn -0.0776 0.9968 0.0211
vn -0.9942 -0.0763 -0.0760
vn -0.9949 -0.0729 -0.0701
vn -0.9940 -0.0723 -0.0823
vn -0.9931 -0.0753 -0.0899
vn -0.0793 -0.0272 0.9965
vn -0.0785 -0.0271 0.9965
vn 0.0794 0.0272 -0.9965
vn -0.9945 -0.0726 -0.0760
vn -0.9945 -0.0726 -0.0759
vn -0.0749 -0.0177 0.9970
vn 0.0709 0.0699 -0.9950
vn 0.0744 -0.9970 -0.0213
vn -0.0737 0.9972 0.0122
vn 0.9939 0.0755 0.0807
vn -0.0800 -0.0181 0.9966
vn 0.9932 0.0785 0.0856
vn 0.9932 0.0785 0.0855
vn -0.0798 0.9967 0.0117
vn 0.0801 0.0706 -0.9943
vn 0.0806 -0.9965 -0.0208
vn 0.0805 -0.9965 -0.0207
vn -0.0775 0.9969 0.0147
vn -0.0783 0.9968 0.0148
vn -0.0775 0.9969 0.0149
vn -0.0767 0.9969 0.0149
vn -0.0770 0.9970 0.0090
vn -0.0763 0.9970 0.0090
vn -0.0769 0.9970 0.0088
vn -0.0776 0.9969 0.0089
vn 0.9328 0.3513 0.0806
vn -0.1427 0.5928 0.7926
vn 0.9938 0.0760 0.0806
vn 0.1154 0.0208 -0.9931
vn -0.9938 -0.0760 -0.0813
vn -0.9938 -0.0760 -0.0809
vn 0.1176 0.0209 -0.9928
vn 0.9939 0.0760 0.0802
vn -0.0800 0.9967 0.0146
vn -0.0775 0.9969 0.0150
vn -0.0751 0.9971 0.0150
vn -0.0769 0.9970 0.0090
vn -0.0747 0.9972 0.0091
vn -0.0792 0.9968 0.0087
vn -0.0775 0.9969 0.0148
vn -0.0769 0.9970 0.0089
vn 0.9801 -0.1838 0.0744
vn -0.1457 0.5909 0.7935
vn -0.9749 0.2105 -0.0727
vn 0.0188 0.6279 -0.7781
vn 0.0219 0.6204 -0.7840
vn -0.9386 -0.3356 -0.0802
vn -0.0289 0.9995 0.0158
vn -0.0745 0.9972 0.0091
vn -0.1206 0.9927 0.0083
vn -0.0753 0.9970 0.0150
vn -0.0749 0.9971 0.0121
vn -0.9858 -0.1466 -0.0818
vn 0.9770 0.1971 0.0811
vn 0.1460 -0.1879 -0.9713
vn -0.0501 0.0000 0.9987
vn -0.0829 0.9955 0.0449
vn -0.0829 -0.9955 0.0449
vn 1.0000 0.0000 -0.0054
vn 0.0301 0.9540 -0.2981
vn -0.0405 0.9773 -0.2080
vn -0.6987 0.6767 -0.2322
vn -0.9444 -0.1080 -0.3106
vn 0.9405 0.0274 0.3386
vn 0.9405 0.0273 0.3387
vn 0.0919 0.9459 -0.3111
vn -0.9444 -0.1079 -0.3107
vn -0.9927 0.1108 0.0466
vn -0.1214 -0.0420 -0.9917
vn -0.9926 0.1112 0.0486
vn 0.9947 -0.0691 0.0756
vn -0.0843 -0.3196 -0.9438
vn -0.1177 -0.0424 -0.9921
vn -0.0169 -0.9824 0.1862
vn -0.1898 0.9652 -0.1800
vn 0.0532 0.0497 0.9973
vn 0.0461 -0.9840 0.1722
vn 0.9937 -0.0629 0.0931
vn -0.1706 0.9714 -0.1650
vn 0.0683 0.9884 -0.1354
vn 0.0578 0.9556 -0.2891
vn -0.0046 0.9907 -0.1362
vn -1.0000 0.0000 0.0000
vn 0.0353 0.9923 -0.1185
vn -0.4052 0.4371 0.8030
vn -0.0015 0.0034 -1.0000
vn -0.9926 0.1113 0.0493
vn -0.9926 0.1105 0.0511
vn -0.9923 0.1121 0.0533
vn -0.9923 0.1128 0.0506
vn 0.0991 0.9740 -0.2037
vn 0.0566 0.0493 0.9972
vn 0.1001 0.9765 -0.1910
vn -0.0991 -0.9740 0.2038
vn -0.9926 0.1112 0.0484
vn -0.9926 0.1100 0.0512
vn -0.9921 0.1125 0.0553
vn -0.9923 0.1132 0.0505
vn -0.9924 0.1116 0.0509
vn 0.0843 0.3196 0.9438
vn -0.0566 -0.0493 -0.9972
vn -0.1001 -0.9765 0.1910
vn -0.9927 0.1109 0.0469
vn -0.9928 0.1103 0.0475
vn -0.9926 0.1111 0.0480
vn -0.9926 0.1117 0.0473
vn -0.0532 -0.0497 -0.9973
vn 0.1007 0.9783 -0.1811
vn -0.1005 -0.9776 0.1847
vn -0.0808 -0.3200 -0.9440
vn -0.9927 0.1108 0.0467
vn -0.9928 0.1099 0.0476
vn -0.9926 0.1111 0.0482
vn -0.9926 0.1120 0.0472
vn -0.9927 0.1110 0.0474
vn -0.1007 -0.9783 0.1811
vn 0.1005 0.9776 -0.1847
vn 0.0808 0.3200 0.9440
vn -0.0671 0.3330 0.9406
vn -0.0671 0.3330 0.9405
vn 0.1612 -0.9267 0.3395
vn -0.0353 0.9413 -0.3357
vn -0.9937 0.0629 -0.0931
vn -0.0486 0.3317 0.9421
vn 0.1844 -0.9240 0.3349
vn 0.0244 0.9433 -0.3309
vn -0.9947 0.0691 -0.0757
vn -0.2661 0.3275 0.9066
vn -0.4122 0.3165 0.8544
vn -0.2876 0.3387 0.8959
vn -0.2895 0.3137 0.9043
vn -0.3690 0.3362 0.8665
vn -0.3534 0.3341 0.8738
vn -0.3240 0.3356 0.8846
vn -0.2988 0.3365 0.8930
vn -0.3722 0.3047 0.8767
vn -0.3546 0.3094 0.8823
vn -0.3251 0.3125 0.8926
vn -0.2999 0.3148 0.9005
vn -0.3932 0.3183 0.8626
vn -0.2752 0.3270 0.9040
vn -0.2986 0.3257 0.8971
vn -0.3234 0.3241 0.8890
vn -0.3523 0.3220 0.8788
vn -0.1396 -0.9457 0.2934
vn -0.9444 -0.1078 -0.3107
vn 0.9405 0.0276 0.3386
vn -0.9444 -0.1077 -0.3107
vn -0.2085 0.8213 0.5311
vn 0.7562 -0.6298 -0.1776
vn -0.7562 0.6298 0.1776
vn 0.2019 -0.9706 -0.1314
vn -0.9389 -0.0031 -0.3443
vn 0.6551 -0.7441 0.1311
vn 0.9046 -0.3317 -0.2676
vn 0.9751 0.1799 -0.1295
vn 0.0977 -0.9668 0.2360
vn -0.1587 0.2599 -0.9525
vn -0.1754 0.9587 -0.2240
vn -0.2482 0.7905 0.5600
vn -0.9745 -0.1836 0.1292
vn -0.9221 0.3620 0.1365
vn -0.9791 0.2006 0.0349
vn 0.9310 0.0266 0.3641
vn -0.0793 -0.0180 0.9967
vn 0.0793 0.0180 -0.9967
usemtl Material.001
s off
f 5/1/1 6/2/1 32/3/1 31/4/1
f 4/5/2 250/6/2 8/7/2 5/8/2
f 872/9/3 3/10/3 121/11/3 874/12/3
f 29/13/4 84/14/4 184/15/4 183/16/4
f 8/7/5 250/6/5 260/17/5 24/18/5
f 48/19/6 46/20/6 381/21/6 9/22/6
f 6/23/7 3/10/7 30/24/7 32/25/7
f 260/26/8 250/27/8 249/28/8 83/29/8
f 121/11/9 3/10/9 6/23/9 122/30/9
f 230/31/10 227/32/10 51/33/10 53/34/10
f 43/35/11 48/36/11 9/37/11 10/38/11
f 46/39/12 44/40/12 11/41/12 381/42/12
f 44/43/3 43/44/3 10/45/3 11/46/3
f 15/47/13 14/48/13 18/49/13 19/50/13
f 11/46/14 10/45/14 14/48/14 15/47/14
f 9/22/15 381/21/15 380/51/15 233/52/15
f 10/38/16 9/37/16 61/53/16 62/54/16
f 346/55/17 345/56/17 202/57/17 203/58/17
f 56/59/18 57/60/18 364/61/18 363/62/18
f 9/22/19 233/52/19 234/63/19 61/64/19
f 227/32/20 217/65/20 49/66/20 51/33/20
f 24/18/21 260/17/21 261/67/21 27/68/21
f 874/12/22 121/11/22 123/69/22 894/70/22
f 25/71/23 22/72/23 127/73/23 128/74/23
f 122/75/24 8/76/24 24/77/24 124/78/24
f 28/79/25 27/80/25 88/81/25 89/82/25
f 124/78/26 28/79/26 92/83/26 91/84/26
f 124/78/27 24/77/27 27/80/27 28/79/27
f 23/85/28 262/86/28 265/87/28 272/88/28
f 84/14/29 29/13/29 177/89/29 178/90/29
f 30/91/30 29/92/30 31/4/30 32/3/30
f 4/5/31 5/8/31 31/93/31 29/13/31
f 3/10/32 872/9/32 907/94/32 30/24/32
f 84/14/33 963/95/33 1087/96/33 184/15/33
f 122/30/3 6/23/3 41/97/3 42/98/3
f 39/99/3 38/100/3 37/101/3 40/102/3
f 8/76/12 122/75/12 42/103/12 45/104/12
f 33/105/12 39/106/12 40/107/12 34/108/12
f 6/2/34 5/1/34 47/109/34 41/110/34
f 38/111/34 36/112/34 35/113/34 37/114/34
f 5/8/6 8/7/6 45/115/6 47/116/6
f 36/117/6 33/118/6 34/119/6 35/120/6
f 38/100/35 39/99/35 42/98/35 41/97/35
f 40/102/36 37/101/36 43/44/36 44/43/36
f 39/106/37 33/105/37 45/104/37 42/103/37
f 34/108/38 40/107/38 44/40/38 46/39/38
f 36/112/39 38/111/39 41/110/39 47/109/39
f 37/114/40 35/113/40 48/36/40 43/35/40
f 33/118/41 36/117/41 47/116/41 45/115/41
f 35/120/42 34/119/42 46/20/42 48/19/42
f 670/121/43 671/122/43 674/123/43 675/124/43
f 51/125/44 52/126/44 54/127/44 53/128/44
f 217/129/45 220/130/45 50/131/45 49/132/45
f 220/133/46 223/134/46 52/135/46 50/136/46
f 223/134/47 226/137/47 54/138/47 52/135/47
f 226/139/48 230/140/48 53/141/48 54/142/48
f 196/143/49 195/144/49 72/145/49 71/146/49
f 75/147/50 76/148/50 79/149/50 80/150/50
f 11/46/51 15/47/51 59/151/51 58/152/51
f 381/42/52 11/41/52 58/153/52 383/154/52
f 391/155/53 394/156/53 420/157/53 418/158/53
f 17/159/54 65/160/54 365/161/54 243/162/54
f 62/54/55 61/53/55 234/163/55 64/164/55
f 64/164/56 234/163/56 240/165/56 66/166/56
f 18/49/57 14/48/57 64/167/57 66/168/57
f 236/169/58 18/170/58 66/171/58 240/172/58
f 14/48/59 10/45/59 62/173/59 64/167/59
f 63/174/60 13/175/60 358/176/60 359/177/60
f 68/178/61 67/179/61 70/180/61 69/181/61
f 69/181/62 70/180/62 71/146/62 72/145/62
f 199/182/63 198/183/63 67/179/63 68/178/63
f 338/184/64 337/185/64 205/186/64 204/187/64
f 195/188/65 200/189/65 69/190/65 72/191/65
f 200/189/66 199/192/66 68/193/66 69/190/66
f 15/47/67 19/50/67 74/194/67 73/195/67
f 19/50/68 60/196/68 75/147/68 74/194/68
f 60/196/69 59/151/69 76/148/69 75/147/69
f 59/151/70 15/47/70 73/195/70 76/148/70
f 78/197/71 77/198/71 80/150/71 79/149/71
f 76/148/72 73/195/72 78/197/72 79/149/72
f 74/194/73 75/147/73 80/150/73 77/198/73
f 73/195/74 74/194/74 77/198/74 78/197/74
f 249/28/75 1151/199/75 961/200/75 83/29/75
f 4/5/76 29/13/76 183/16/76 181/201/76
f 963/95/77 84/14/77 178/90/77 1078/202/77
f 1164/203/78 260/26/78 83/29/78 961/200/78
f 86/204/79 263/205/79 1167/206/79 967/207/79
f 263/205/80 86/204/80 89/82/80 88/81/80
f 262/86/81 87/208/81 275/209/81 265/87/81
f 27/68/82 261/67/82 263/210/82 88/211/82
f 89/82/83 86/204/83 94/212/83 93/213/83
f 92/83/84 93/213/84 98/214/84 97/215/84
f 90/216/85 91/217/85 96/218/85 95/219/85
f 894/70/86 123/69/86 90/216/86 971/220/86
f 28/79/87 89/82/87 93/213/87 92/83/87
f 123/69/88 124/221/88 91/217/88 90/216/88
f 99/222/89 97/223/89 98/224/89 100/225/89
f 899/226/90 95/219/90 99/222/90 983/227/90
f 95/219/91 96/218/91 97/223/91 99/222/91
f 983/227/92 99/222/92 100/225/92 985/228/92
f 971/220/93 90/216/93 95/219/93 899/226/93
f 93/213/94 94/212/94 100/229/94 98/214/94
f 91/84/95 92/83/95 97/215/95 96/230/95
f 1212/231/96 301/232/96 106/233/96 997/234/96
f 301/235/97 298/236/97 105/237/97 106/238/97
f 94/239/98 86/240/98 101/241/98 102/242/98
f 985/243/99 100/244/99 103/245/99 991/246/99
f 86/240/100 967/247/100 987/248/100 101/241/100
f 100/249/101 94/239/101 102/242/101 103/250/101
f 105/237/102 996/251/102 997/252/102 106/238/102
f 104/253/103 993/254/103 996/251/103 105/237/103
f 300/255/104 1207/256/104 993/254/104 104/253/104
f 104/253/105 105/237/105 116/257/105 117/258/105
f 102/259/106 101/260/106 114/261/106 107/262/106
f 105/237/107 298/236/107 299/263/107 116/257/107
f 101/260/108 987/264/108 1005/265/108 114/261/108
f 112/266/109 113/267/109 314/268/109 319/269/109
f 103/270/110 102/259/110 107/262/110 110/271/110
f 297/272/111 295/273/111 315/274/111 317/275/111
f 991/276/112 103/277/112 110/278/112 1004/279/112
f 115/280/113 108/281/113 309/282/113 311/283/113
f 299/263/114 302/284/114 117/258/114 116/257/114
f 303/285/115 304/286/115 310/287/115 308/288/115
f 294/289/116 112/266/116 319/269/116 318/290/116
f 107/262/117 114/261/117 120/291/117 118/292/117
f 291/293/118 107/294/118 118/295/118 296/296/118
f 300/255/119 104/253/119 117/258/119 302/284/119
f 7/297/120 1/298/120 121/11/120 122/30/120
f 22/72/121 25/71/121 124/221/121 123/69/121
f 1/298/122 22/72/122 123/69/122 121/11/122
f 25/71/123 7/297/123 122/30/123 124/221/123
f 127/73/124 125/299/124 129/300/124 145/301/124
f 22/72/125 1/298/125 125/299/125 127/73/125
f 1/298/126 7/297/126 126/302/126 125/299/126
f 7/297/127 25/71/127 128/74/127 126/302/127
f 130/303/128 146/304/128 149/305/128 137/306/128
f 125/299/129 126/302/129 130/303/129 129/300/129
f 126/302/130 128/74/130 146/304/130 130/303/130
f 128/74/131 127/73/131 145/301/131 146/304/131
f 133/307/132 134/308/132 148/309/132 147/310/132
f 140/311/133 138/312/133 157/313/133 158/314/133
f 136/315/134 140/311/134 158/314/134 154/316/134
f 130/317/135 137/318/135 166/319/135 162/320/135
f 137/306/136 149/305/136 150/321/136 139/322/136
f 131/323/137 142/324/137 159/325/137 155/326/137
f 139/327/138 134/328/138 164/329/138 165/330/138
f 148/309/139 134/308/139 139/322/139 150/321/139
f 151/331/140 141/332/140 143/333/140 152/334/140
f 133/307/141 147/310/141 152/334/141 143/333/141
f 143/335/142 141/336/142 167/337/142 168/338/142
f 145/301/143 129/300/143 141/332/143 151/331/143
f 131/323/144 132/339/144 146/340/144 145/341/144
f 136/315/145 135/342/145 147/343/145 148/344/145
f 138/312/146 140/311/146 150/345/146 149/346/146
f 132/339/147 138/312/147 149/346/147 146/340/147
f 140/311/148 136/315/148 148/344/148 150/345/148
f 144/347/149 142/324/149 151/348/149 152/349/149
f 142/324/150 131/323/150 145/341/150 151/348/150
f 135/342/151 144/347/151 152/349/151 147/343/151
f 153/350/152 155/351/152 156/352/152 154/353/152
f 156/352/153 155/351/153 159/354/153 160/355/153
f 153/350/154 154/353/154 158/356/154 157/357/154
f 132/339/155 131/323/155 155/326/155 153/358/155
f 144/347/156 135/342/156 156/359/156 160/360/156
f 142/324/157 144/347/157 160/360/157 159/325/157
f 138/312/158 132/339/158 153/358/158 157/313/158
f 135/342/159 136/315/159 154/316/159 156/359/159
f 162/320/160 166/319/160 174/361/160 170/362/160
f 168/338/161 167/337/161 175/363/161 176/364/161
f 167/337/162 161/365/162 169/366/162 175/363/162
f 133/367/163 143/335/163 168/338/163 163/368/163
f 134/328/164 133/367/164 163/368/164 164/329/164
f 137/318/165 139/327/165 165/330/165 166/319/165
f 129/369/166 130/317/166 162/320/166 161/365/166
f 141/336/167 129/369/167 161/365/167 167/337/167
f 169/370/168 170/371/168 172/372/168 171/373/168
f 172/372/169 170/371/169 174/374/169 173/375/169
f 169/370/170 171/373/170 176/376/170 175/377/170
f 164/329/171 163/368/171 171/378/171 172/379/171
f 163/368/172 168/338/172 176/364/172 171/378/172
f 165/330/173 164/329/173 172/379/173 173/380/173
f 166/319/174 165/330/174 173/380/174 174/361/174
f 161/365/175 162/320/175 170/362/175 169/366/175
f 1077/381/176 1075/382/176 177/383/176 179/384/176
f 177/383/177 1075/382/177 1078/385/177 178/386/177
f 29/92/178 30/91/178 179/384/178 177/383/178
f 30/24/179 907/94/179 1077/387/179 179/388/179
f 253/389/180 181/201/180 282/390/180 283/391/180
f 181/201/181 183/16/181 184/15/181 282/390/181
f 185/392/182 252/393/182 288/394/182 285/395/182
f 208/396/183 207/397/183 191/398/183 192/399/183
f 250/6/184 4/5/184 181/201/184 253/389/184
f 2/400/185 182/401/185 259/402/185 257/403/185
f 81/404/186 2/400/186 257/403/186 254/405/186
f 757/406/187 685/407/187 681/408/187 755/409/187
f 184/15/188 1087/96/188 1090/410/188 190/411/188
f 180/412/189 189/413/189 290/414/189 286/415/189
f 192/399/190 191/398/190 193/416/190 194/417/190
f 207/397/191 209/418/191 193/416/191 191/398/191
f 209/418/192 210/419/192 194/417/192 193/416/192
f 798/420/193 797/421/193 774/422/193 772/423/193
f 333/424/66 326/425/66 199/426/66 200/427/66
f 329/428/65 333/424/65 200/427/65 195/429/65
f 331/430/194 322/431/194 196/432/194 197/433/194
f 326/434/63 324/435/63 198/436/63 199/437/63
f 322/438/49 329/439/49 195/440/49 196/441/49
f 324/442/195 331/430/195 197/433/195 198/443/195
f 205/444/196 203/58/196 376/445/196 378/446/196
f 204/187/197 205/186/197 378/447/197 377/448/197
f 345/56/198 353/449/198 201/450/198 202/57/198
f 354/451/199 338/184/199 204/187/199 206/452/199
f 353/449/200 354/453/200 206/454/200 201/450/200
f 337/455/201 346/55/201 203/58/201 205/444/201
f 787/456/202 780/457/202 208/396/202 210/419/202
f 785/458/192 787/456/192 210/419/192 209/418/192
f 783/459/191 785/458/191 209/418/191 207/397/191
f 780/457/183 783/459/183 207/397/183 208/396/183
f 214/460/203 212/461/203 777/462/203 779/463/203
f 800/464/204 798/420/204 772/423/204 773/465/204
f 797/421/205 803/466/205 775/467/205 774/422/205
f 803/466/206 800/464/206 773/465/206 775/467/206
f 60/468/207 239/469/207 232/470/207 224/471/207
f 224/472/208 232/473/208 231/474/208 225/475/208
f 225/476/209 231/477/209 230/478/209 226/479/209
f 59/480/210 60/481/210 224/482/210 221/483/210
f 221/484/211 224/485/211 225/486/211 222/487/211
f 222/488/212 225/489/212 226/490/212 223/491/212
f 58/492/213 59/480/213 221/483/213 218/493/213
f 218/494/214 221/484/214 222/487/214 219/495/214
f 219/496/215 222/488/215 223/491/215 220/497/215
f 383/498/216 58/499/216 218/500/216 215/501/216
f 215/502/216 218/503/216 219/504/216 216/505/216
f 216/506/216 219/507/216 220/508/216 217/509/216
f 382/510/217 383/511/217 215/512/217 229/513/217
f 229/514/218 215/515/218 216/516/218 228/517/218
f 228/518/219 216/519/219 217/520/219 227/521/219
f 239/522/220 382/510/220 229/513/220 232/523/220
f 232/524/221 229/514/221 228/517/221 231/525/221
f 231/526/222 228/518/222 227/521/222 230/527/222
f 13/175/223 63/174/223 234/63/223 233/52/223
f 16/528/224 13/175/224 233/52/224 380/51/224
f 17/159/225 20/529/225 237/530/225 236/531/225
f 56/59/226 16/528/226 380/51/226 382/532/226
f 20/529/227 57/60/227 239/533/227 237/530/227
f 57/60/228 56/59/228 382/532/228 239/533/228
f 63/174/229 65/160/229 240/534/229 234/63/229
f 65/160/230 17/159/230 236/531/230 240/534/230
f 248/535/231 245/536/231 370/537/231 373/538/231
f 244/539/232 360/540/232 366/541/232 369/542/232
f 360/540/233 246/543/233 371/544/233 366/541/233
f 16/528/234 56/59/234 363/62/234 241/545/234
f 13/175/235 16/528/235 241/545/235 358/176/235
f 65/160/236 63/174/236 359/177/236 365/161/236
f 57/60/237 20/529/237 242/546/237 364/61/237
f 20/529/238 17/159/238 243/162/238 242/546/238
f 81/404/239 82/547/239 1151/548/239 249/549/239
f 2/400/240 81/404/240 249/549/240 250/6/240
f 187/550/241 186/551/241 283/391/241 1188/552/241
f 186/551/242 182/401/242 253/389/242 283/391/242
f 182/401/243 2/400/243 250/6/243 253/389/243
f 82/547/244 187/550/244 1188/552/244 1151/548/244
f 256/553/245 254/554/245 255/555/245 258/556/245
f 254/554/246 257/557/246 259/558/246 255/555/246
f 186/551/247 187/550/247 258/559/247 255/560/247
f 82/547/248 81/404/248 254/405/248 256/561/248
f 187/550/249 82/547/249 256/561/249 258/559/249
f 182/401/250 186/551/250 255/560/250 259/402/250
f 21/562/251 26/563/251 261/67/251 260/17/251
f 23/85/252 21/562/252 260/17/252 1164/564/252
f 262/86/253 23/85/253 1164/564/253 901/565/253
f 85/566/254 87/208/254 1167/567/254 263/210/254
f 87/208/255 262/86/255 901/565/255 1167/567/255
f 26/563/256 85/566/256 263/210/256 261/67/256
f 267/568/257 273/569/257 277/570/257 279/571/257
f 273/569/258 269/572/258 281/573/258 277/570/258
f 26/563/259 21/562/259 270/574/259 264/575/259
f 85/576/260 26/577/260 264/578/260 274/579/260
f 87/580/261 85/581/261 274/582/261 275/583/261
f 21/562/262 23/85/262 272/88/262 270/574/262
f 266/584/263 271/585/263 264/586/263 270/587/263
f 267/568/264 266/584/264 270/587/264 272/588/264
f 273/569/265 267/568/265 272/588/265 265/589/265
f 268/590/266 269/572/266 275/591/266 274/592/266
f 269/572/267 273/569/267 265/589/267 275/591/267
f 271/585/268 268/590/268 274/592/268 264/586/268
f 278/593/269 279/594/269 277/595/269 276/596/269
f 276/596/270 277/595/270 281/597/270 280/598/270
f 271/585/271 266/584/271 278/599/271 276/600/271
f 268/590/272 271/585/272 276/600/272 280/601/272
f 269/572/273 268/590/273 280/601/273 281/573/273
f 266/584/274 267/568/274 279/571/274 278/599/274
f 180/412/275 251/602/275 283/391/275 282/390/275
f 251/602/276 252/393/276 1188/552/276 283/391/276
f 252/393/276 185/392/276 1189/603/276 1188/552/276
f 188/604/277 189/413/277 284/605/277 1190/606/277
f 189/413/277 180/412/277 282/390/277 284/605/277
f 185/392/277 188/604/277 1190/606/277 1189/603/277
f 286/607/278 285/608/278 288/609/278 287/610/278
f 285/608/277 286/607/277 290/611/277 289/612/277
f 251/602/279 180/412/279 286/415/279 287/613/279
f 188/604/280 185/392/280 285/395/280 289/614/280
f 189/413/281 188/604/281 289/614/281 290/414/281
f 252/393/282 251/602/282 287/613/282 288/394/282
f 111/615/283 293/616/283 321/617/283 320/618/283
f 114/619/284 305/620/284 306/621/284 120/622/284
f 118/295/285 120/622/285 306/621/285 296/296/285
f 1004/623/286 110/624/286 307/625/286 1214/626/286
f 110/627/287 107/294/287 291/293/287 307/628/287
f 114/619/288 1005/629/288 1206/630/288 305/620/288
f 112/266/288 294/289/288 1206/630/288 1207/631/288
f 108/281/289 115/280/289 299/632/289 298/633/289
f 113/267/290 112/266/290 1207/631/290 300/634/290
f 109/635/291 108/281/291 298/633/291 301/636/291
f 111/615/292 109/637/292 301/638/292 1212/639/292
f 115/280/293 119/640/293 302/641/293 299/632/293
f 119/640/294 113/267/294 300/634/294 302/641/294
f 293/616/286 111/615/286 1212/639/286 1214/626/286
f 304/286/295 303/285/295 291/293/295 296/296/295
f 295/273/296 297/272/296 306/621/296 305/620/296
f 297/272/297 304/286/297 296/296/297 306/621/297
f 292/642/298 293/616/298 1214/626/298 307/625/298
f 303/285/299 292/643/299 307/628/299 291/293/299
f 294/289/300 295/273/300 305/620/300 1206/630/300
f 315/644/301 318/645/301 319/646/301 314/647/301
f 313/648/302 308/649/302 309/650/302 312/651/302
f 321/652/303 313/653/303 312/654/303 320/655/303
f 310/656/304 317/657/304 316/658/304 311/659/304
f 315/644/305 314/647/305 316/658/305 317/657/305
f 309/650/306 308/649/306 310/656/306 311/659/306
f 304/286/307 297/272/307 317/275/307 310/287/307
f 108/281/308 109/635/308 312/660/308 309/282/308
f 293/616/309 292/642/309 313/661/309 321/617/309
f 109/637/310 111/615/310 320/618/310 312/662/310
f 292/643/311 303/285/311 308/288/311 313/663/311
f 119/640/312 115/280/312 311/283/312 316/664/312
f 295/273/313 294/289/313 318/290/313 315/274/313
f 113/267/314 119/640/314 316/664/314 314/268/314
f 236/665/195 237/666/195 330/667/195 325/668/195
f 325/669/195 330/670/195 331/671/195 324/672/195
f 239/673/49 60/674/49 328/675/49 323/676/49
f 323/677/49 328/678/49 329/679/49 322/680/49
f 18/681/63 236/682/63 325/683/63 327/684/63
f 327/685/63 325/686/63 324/687/63 326/688/63
f 237/666/194 239/689/194 323/690/194 330/667/194
f 330/670/194 323/691/194 322/692/194 331/671/194
f 60/693/65 19/694/65 332/695/65 328/696/65
f 328/697/65 332/698/65 333/699/65 329/700/65
f 19/694/66 18/701/66 327/702/66 332/695/66
f 332/698/66 327/703/66 326/704/66 333/699/66
f 196/143/315 71/146/315 349/705/315 334/706/315
f 334/707/315 349/708/315 348/709/315 335/710/315
f 335/711/315 348/712/315 347/713/315 336/714/315
f 336/715/315 347/716/315 346/717/315 337/718/315
f 67/179/200 198/183/200 357/719/200 350/720/200
f 350/721/200 357/722/200 356/723/200 351/724/200
f 351/725/200 356/726/200 355/727/200 352/728/200
f 352/729/200 355/730/200 354/731/200 353/732/200
f 198/733/199 197/734/199 341/735/199 357/736/199
f 357/737/199 341/738/199 340/739/199 356/740/199
f 356/741/199 340/742/199 339/743/199 355/744/199
f 355/745/199 339/746/199 338/747/199 354/748/199
f 70/180/198 67/179/198 350/720/198 342/749/198
f 342/750/198 350/721/198 351/724/198 343/751/198
f 343/752/198 351/725/198 352/728/198 344/753/198
f 344/754/198 352/729/198 353/732/198 345/755/198
f 197/734/64 196/756/64 334/757/64 341/735/64
f 341/738/64 334/758/64 335/759/64 340/739/64
f 340/742/64 335/760/64 336/761/64 339/743/64
f 339/746/64 336/762/64 337/763/64 338/747/64
f 71/146/17 70/180/17 342/749/17 349/705/17
f 349/708/17 342/750/17 343/751/17 348/709/17
f 348/712/17 343/752/17 344/753/17 347/713/17
f 347/716/17 344/754/17 345/755/17 346/717/17
f 244/539/316 245/536/316 359/764/316 358/765/316
f 360/540/317 244/539/317 358/765/317 241/766/317
f 361/767/318 362/768/318 242/769/318 243/770/318
f 246/543/319 360/540/319 241/766/319 363/771/319
f 362/768/320 247/772/320 364/773/320 242/769/320
f 247/772/321 246/543/321 363/771/321 364/773/321
f 245/536/322 248/535/322 365/774/322 359/764/322
f 248/535/323 361/767/323 243/770/323 365/774/323
f 369/775/324 366/776/324 367/777/324 368/778/324
f 367/777/325 366/776/325 371/779/325 372/780/325
f 369/775/326 368/778/326 373/781/326 370/782/326
f 247/772/327 362/768/327 367/783/327 372/784/327
f 362/768/328 361/767/328 368/785/328 367/783/328
f 245/536/329 244/539/329 369/542/329 370/537/329
f 361/767/330 248/535/330 373/538/330 368/785/330
f 246/543/331 247/772/331 372/784/331 371/544/331
f 379/786/195 377/448/195 375/787/195 374/788/195
f 377/448/194 378/447/194 376/789/194 375/787/194
f 203/58/332 202/57/332 375/790/332 376/445/332
f 206/452/333 204/187/333 377/448/333 379/786/333
f 201/450/334 206/454/334 379/791/334 374/792/334
f 202/57/335 201/450/335 374/792/335 375/790/335
f 12/793/336 235/794/336 380/51/336 381/21/336
f 235/794/337 238/795/337 382/532/337 380/51/337
f 55/796/338 12/793/338 381/21/338 383/797/338
f 238/795/339 55/796/339 383/797/339 382/532/339
f 662/798/340 663/799/340 666/800/340 667/801/340
f 483/802/341 481/803/341 480/804/341 482/805/341
f 400/806/342 402/807/342 403/808/342 401/809/342
f 633/810/343 634/811/343 643/812/343 640/813/343
f 238/795/344 235/794/344 483/802/344 402/807/344
f 55/796/345 238/795/345 402/807/345 400/806/345
f 235/794/341 12/793/341 481/803/341 483/802/341
f 12/793/346 55/796/346 400/806/346 481/803/346
f 404/814/344 485/815/344 484/816/344 405/817/344
f 402/807/347 483/802/347 485/815/347 404/814/347
f 396/818/348 385/819/348 496/820/348 502/821/348
f 387/822/349 397/823/349 423/824/349 417/825/349
f 487/826/346 406/827/346 407/828/346 486/829/346
f 481/803/350 400/806/350 406/827/350 487/826/350
f 631/830/351 628/831/351 637/832/351 638/833/351
f 385/819/352 389/834/352 497/835/352 496/820/352
f 387/822/353 388/836/353 400/806/353 401/809/353
f 391/155/354 386/837/354 403/808/354 402/807/354
f 392/838/351 394/156/351 404/814/351 405/817/351
f 386/837/355 392/838/355 405/817/355 403/808/355
f 394/156/351 391/155/351 402/807/351 404/814/351
f 398/839/343 397/823/343 407/828/343 406/827/343
f 397/823/356 387/822/356 401/809/356 407/828/356
f 388/836/343 398/839/343 406/827/343 400/806/343
f 461/840/357 449/841/357 438/842/357 459/843/357
f 449/841/349 448/844/349 432/845/349 438/842/349
f 394/156/357 392/838/357 421/846/357 420/157/357
f 388/836/357 387/822/357 417/825/357 416/847/357
f 398/839/53 388/836/53 416/847/53 422/848/53
f 397/823/358 398/839/358 422/848/358 423/824/358
f 392/838/349 386/837/349 419/849/349 421/846/349
f 386/837/358 391/155/358 418/158/358 419/849/358
f 409/850/343 408/851/343 416/847/343 417/825/343
f 410/852/351 411/853/351 419/849/351 418/158/351
f 413/854/351 412/855/351 420/157/351 421/846/351
f 411/853/351 413/854/351 421/846/351 419/849/351
f 412/855/351 410/852/351 418/158/351 420/157/351
f 414/856/343 415/857/343 423/824/343 422/848/343
f 415/857/343 409/850/343 417/825/343 423/824/343
f 408/851/343 414/856/343 422/848/343 416/847/343
f 426/858/53 428/859/53 444/860/53 442/861/53
f 425/862/349 431/863/349 447/864/349 441/865/349
f 452/866/359 435/867/359 464/868/359 468/869/359
f 460/870/357 454/871/357 434/872/357 456/873/357
f 433/874/360 451/875/360 470/876/360 466/877/360
f 454/871/349 455/878/349 436/879/349 434/872/349
f 455/878/358 463/880/358 457/881/358 436/879/358
f 448/844/358 462/882/358 458/883/358 432/845/358
f 425/862/343 424/884/343 432/845/343 458/883/343
f 426/858/351 427/885/351 456/873/351 434/872/351
f 429/886/351 428/859/351 436/879/351 457/881/351
f 427/885/351 429/886/351 457/881/351 456/873/351
f 428/859/351 426/858/351 434/872/351 436/879/351
f 430/887/343 431/863/343 459/843/343 438/842/343
f 431/863/343 425/862/343 458/883/343 459/843/343
f 424/884/343 430/887/343 438/842/343 432/845/343
f 440/888/343 441/865/343 447/864/343 446/889/343
f 443/890/351 442/861/351 444/860/351 445/891/351
f 428/859/357 429/886/357 445/891/357 444/860/357
f 424/884/357 425/862/357 441/865/357 440/888/357
f 430/887/53 424/884/53 440/888/53 446/889/53
f 431/863/358 430/887/358 446/889/358 447/864/358
f 429/886/349 427/885/349 443/890/349 445/891/349
f 427/885/358 426/858/358 442/861/358 443/890/358
f 517/892/361 534/893/361 546/894/361 547/895/361
f 514/896/362 515/897/362 529/898/362 527/899/362
f 516/900/363 519/901/363 520/902/363 533/903/363
f 460/870/364 463/880/364 531/904/364 526/905/364
f 513/906/365 514/896/365 527/899/365 525/907/365
f 449/841/366 461/840/366 523/908/366 524/909/366
f 517/892/365 516/900/365 533/903/365 534/893/365
f 454/871/366 460/870/366 526/905/366 528/910/366
f 437/911/367 435/867/367 456/873/367 457/881/367
f 433/874/368 439/912/368 459/843/368 458/883/368
f 435/867/369 452/866/369 460/870/369 456/873/369
f 439/912/370 450/913/370 461/840/370 459/843/370
f 451/875/371 433/874/371 458/883/371 462/882/371
f 450/913/372 451/875/372 462/882/372 461/840/372
f 453/914/373 437/911/373 457/881/373 463/880/373
f 452/866/374 453/914/374 463/880/374 460/870/374
f 471/915/375 468/869/375 464/868/375 465/916/375
f 470/876/376 469/917/376 467/918/376 466/877/376
f 435/867/377 437/911/377 465/916/377 464/868/377
f 453/914/378 452/866/378 472/919/378 473/920/378
f 470/876/379 451/875/379 477/921/379 479/922/379
f 450/913/380 439/912/380 467/918/380 469/917/380
f 439/912/381 433/874/381 466/877/381 467/918/381
f 437/911/382 453/914/382 471/915/382 465/916/382
f 473/920/383 472/919/383 474/923/383 475/924/383
f 471/915/384 453/914/384 473/920/384 475/924/384
f 452/866/385 468/869/385 474/923/385 472/919/385
f 468/869/386 471/915/386 475/924/386 474/923/386
f 477/921/387 476/925/387 478/926/387 479/922/387
f 451/875/388 450/913/388 476/925/388 477/921/388
f 469/917/389 470/876/389 479/922/389 478/926/389
f 450/913/390 469/917/390 478/926/390 476/925/390
f 389/834/391 385/819/391 480/804/391 481/803/391
f 384/927/392 390/928/392 483/802/392 482/805/392
f 395/929/392 393/930/392 484/816/392 485/815/392
f 393/930/392 384/927/392 482/805/392 484/816/392
f 390/928/392 395/929/392 485/815/392 483/802/392
f 396/818/391 399/931/391 487/826/391 486/829/391
f 399/931/391 389/834/391 481/803/391 487/826/391
f 385/819/391 396/818/391 486/829/391 480/804/391
f 489/932/53 495/933/53 511/934/53 505/935/53
f 491/936/358 490/937/358 506/938/358 507/939/358
f 399/931/393 396/818/393 502/821/393 503/940/393
f 384/927/394 393/930/394 500/941/394 498/942/394
f 390/928/395 384/927/395 498/942/395 499/943/395
f 389/834/396 399/931/396 503/940/396 497/835/396
f 395/929/397 390/928/397 499/943/397 501/944/397
f 393/930/398 395/929/398 501/944/398 500/941/398
f 489/932/391 488/945/391 496/820/391 497/835/391
f 490/937/392 491/936/392 499/943/392 498/942/392
f 493/946/392 492/947/392 500/941/392 501/944/392
f 492/947/392 490/937/392 498/942/392 500/941/392
f 491/936/392 493/946/392 501/944/392 499/943/392
f 494/948/391 495/933/391 503/940/391 502/821/391
f 495/933/391 489/932/391 497/835/391 503/940/391
f 488/945/391 494/948/391 502/821/391 496/820/391
f 507/939/392 506/938/392 508/949/392 509/950/392
f 504/951/391 505/935/391 511/934/391 510/952/391
f 493/946/53 491/936/53 507/939/53 509/950/53
f 492/947/357 493/946/357 509/950/357 508/949/357
f 488/945/357 489/932/357 505/935/357 504/951/357
f 494/948/349 488/945/349 504/951/349 510/952/349
f 495/933/358 494/948/358 510/952/358 511/934/358
f 490/937/349 492/947/349 508/949/349 506/938/349
f 532/953/399 512/954/399 553/955/399 558/956/399
f 512/954/400 515/897/400 552/957/400 553/955/400
f 525/907/401 532/953/401 558/956/401 544/958/401
f 535/959/402 518/960/402 557/961/402 559/962/402
f 515/897/403 514/896/403 550/963/403 552/957/403
f 519/901/404 516/900/404 556/964/404 555/965/404
f 513/906/405 525/907/405 544/958/405 545/966/405
f 514/896/406 513/906/406 545/966/406 550/963/406
f 520/902/358 535/959/358 522/967/358 521/968/358
f 535/959/53 534/893/53 523/908/53 522/967/53
f 533/903/349 520/902/349 521/968/349 524/909/349
f 534/893/357 533/903/357 524/909/357 523/908/357
f 529/898/407 532/953/407 531/904/407 530/969/407
f 527/899/349 529/898/349 530/969/349 528/910/349
f 525/907/408 527/899/408 528/910/408 526/905/408
f 532/953/53 525/907/53 526/905/53 531/904/53
f 515/897/365 512/954/365 532/953/365 529/898/365
f 519/901/365 518/960/365 535/959/365 520/902/365
f 462/882/366 448/844/366 521/968/366 522/967/366
f 463/880/366 455/878/366 530/969/366 531/904/366
f 461/840/409 462/882/409 522/967/409 523/908/409
f 455/878/364 454/871/364 528/910/364 530/969/364
f 448/844/409 449/841/409 524/909/409 521/968/409
f 516/900/410 517/892/410 547/895/410 556/964/410
f 835/970/358 828/971/358 538/972/358 539/973/358
f 828/971/53 824/974/53 537/975/53 538/972/53
f 820/976/349 835/970/349 539/973/349 536/977/349
f 824/974/357 820/976/357 536/977/357 537/975/357
f 819/978/358 804/979/358 540/980/358 543/981/358
f 815/982/349 819/978/349 543/981/349 542/983/349
f 811/984/357 815/982/357 542/983/357 541/985/357
f 804/979/53 811/984/53 541/985/53 540/980/53
f 557/961/411 547/895/411 546/894/411 559/962/411
f 567/986/412 564/987/412 597/988/412 598/989/412
f 580/990/413 581/991/413 624/992/413 625/993/413
f 587/994/414 584/995/414 617/996/414 618/997/414
f 579/998/415 576/999/415 605/1000/415 606/1001/415
f 581/991/416 582/1002/416 627/1003/416 624/992/416
f 586/1004/417 587/994/417 618/997/417 619/1005/417
f 566/1006/418 567/986/418 598/989/418 599/1007/418
f 593/1008/419 594/1009/419 611/1010/419 608/1011/419
f 553/955/420 545/966/420 544/958/420 558/956/420
f 518/960/421 519/901/421 555/965/421 557/961/421
f 539/973/366 538/972/366 562/1012/366 554/1013/366
f 543/981/366 540/980/366 563/1014/366 551/1015/366
f 534/893/422 535/959/422 559/962/422 546/894/422
f 538/972/423 537/975/423 561/1016/423 562/1012/423
f 542/983/424 543/981/424 551/1015/424 549/1017/424
f 536/977/423 539/973/423 554/1013/423 560/1018/423
f 541/985/366 542/983/366 549/1017/366 548/1019/366
f 537/975/366 536/977/366 560/1018/366 561/1016/366
f 540/980/424 541/985/424 548/1019/424 563/1014/424
f 563/1014/425 548/1019/425 565/1020/425 564/987/425
f 548/1019/426 545/966/426 566/1006/426 565/1020/426
f 545/966/426 553/955/426 567/986/426 566/1006/426
f 553/955/427 563/1014/427 564/987/427 567/986/427
f 548/1019/428 549/1017/428 569/1021/428 568/1022/428
f 549/1017/429 550/963/429 570/1023/429 569/1021/429
f 550/963/430 545/966/430 571/1024/430 570/1023/430
f 545/966/431 548/1019/431 568/1022/431 571/1024/431
f 549/1017/349 551/1015/349 573/1025/349 572/1026/349
f 551/1015/432 552/957/432 574/1027/432 573/1025/432
f 552/957/433 550/963/433 575/1028/433 574/1027/433
f 550/963/434 549/1017/434 572/1026/434 575/1028/434
f 551/1015/435 563/1014/435 577/1029/435 576/999/435
f 563/1014/436 553/955/436 578/1030/436 577/1029/436
f 553/955/437 552/957/437 579/998/437 578/1030/437
f 552/957/438 551/1015/438 576/999/438 579/998/438
f 561/1016/428 560/1018/428 581/991/428 580/990/428
f 560/1018/439 556/964/439 582/1002/439 581/991/439
f 556/964/440 547/895/440 583/1031/440 582/1002/440
f 547/895/441 561/1016/441 580/990/441 583/1031/441
f 560/1018/433 554/1013/433 585/1032/433 584/995/433
f 554/1013/434 555/965/434 586/1004/434 585/1032/434
f 555/965/349 556/964/349 587/994/349 586/1004/349
f 556/964/432 560/1018/432 584/995/432 587/994/432
f 562/1012/442 561/1016/442 589/1033/442 588/1034/442
f 561/1016/427 547/895/427 590/1035/427 589/1033/427
f 547/895/426 557/961/426 591/1036/426 590/1035/426
f 557/961/426 562/1012/426 588/1034/426 591/1036/426
f 554/1013/443 562/1012/443 593/1008/443 592/1037/443
f 562/1012/444 557/961/444 594/1009/444 593/1008/444
f 557/961/437 555/965/437 595/1038/437 594/1009/437
f 555/965/445 554/1013/445 592/1037/445 595/1038/445
f 597/1039/426 596/1040/426 599/1041/426 598/1042/426
f 601/1043/426 600/1044/426 603/1045/426 602/1046/426
f 589/1033/446 590/1035/446 603/1047/446 600/1048/446
f 588/1034/447 589/1033/447 600/1048/447 601/1049/447
f 565/1020/446 566/1006/446 599/1007/446 596/1050/446
f 564/987/448 565/1020/448 596/1050/448 597/988/448
f 590/1035/449 591/1036/449 602/1051/449 603/1047/449
f 591/1036/412 588/1034/412 601/1049/412 602/1051/412
f 605/1000/450 604/1052/450 607/1053/450 606/1001/450
f 609/1054/451 608/1055/451 611/1056/451 610/1057/451
f 592/1037/452 593/1008/452 608/1011/452 609/1058/452
f 594/1009/453 595/1038/453 610/1059/453 611/1010/453
f 577/1029/454 578/1030/454 607/1053/454 604/1052/454
f 595/1038/455 592/1037/455 609/1058/455 610/1059/455
f 576/1060/452 577/1061/452 604/1062/452 605/1063/452
f 578/1030/453 579/998/453 606/1001/453 607/1053/453
f 613/1064/349 612/1065/349 615/1066/349 614/1067/349
f 617/996/349 616/1068/349 619/1005/349 618/997/349
f 574/1027/424 575/1028/424 614/1067/424 615/1066/424
f 575/1028/456 572/1026/456 613/1064/456 614/1067/456
f 585/1032/457 586/1004/457 619/1005/457 616/1068/457
f 584/1069/458 585/1070/458 616/1071/458 617/1072/458
f 573/1025/459 574/1027/459 615/1066/459 612/1065/459
f 572/1073/403 573/1074/403 612/1075/403 613/1076/403
f 621/1077/460 620/1078/460 623/1079/460 622/1080/460
f 625/1081/461 624/1082/461 627/1083/461 626/1084/461
f 569/1021/462 570/1023/462 623/1085/462 620/1086/462
f 568/1022/413 569/1021/413 620/1086/413 621/1087/413
f 582/1002/463 583/1031/463 626/1088/463 627/1003/463
f 583/1031/464 580/990/464 625/993/464 626/1088/464
f 570/1023/463 571/1024/463 622/1089/463 623/1085/463
f 571/1024/465 568/1022/465 621/1087/465 622/1089/465
f 482/805/466 403/808/466 629/1090/466 628/831/466
f 403/808/467 405/817/467 630/1091/467 629/1090/467
f 405/817/468 484/816/468 631/830/468 630/1091/468
f 484/816/469 482/805/469 628/831/469 631/830/469
f 401/809/470 480/804/470 633/810/470 632/1092/470
f 480/804/471 486/829/471 634/811/471 633/810/471
f 486/829/472 407/828/472 635/1093/472 634/811/472
f 407/828/473 401/809/473 632/1092/473 635/1093/473
f 650/1094/474 651/1095/474 658/1096/474 659/1097/474
f 645/1098/475 646/1099/475 655/1100/475 652/1101/475
f 632/1092/476 633/810/476 640/813/476 641/1102/476
f 629/1090/477 630/1091/477 639/1103/477 636/1104/477
f 634/811/478 635/1093/478 642/1105/478 643/812/478
f 628/831/479 629/1090/479 636/1104/479 637/832/479
f 635/1093/480 632/1092/480 641/1102/480 642/1105/480
f 630/1091/481 631/830/481 638/833/481 639/1103/481
f 637/832/466 636/1104/466 645/1098/466 644/1106/466
f 636/1104/482 639/1103/482 646/1099/482 645/1098/482
f 639/1103/483 638/833/483 647/1107/483 646/1099/483
f 638/833/484 637/832/484 644/1106/484 647/1107/484
f 641/1102/485 640/813/485 649/1108/485 648/1109/485
f 640/813/486 643/812/486 650/1094/486 649/1108/486
f 643/812/472 642/1105/472 651/1095/472 650/1094/472
f 642/1105/487 641/1102/487 648/1109/487 651/1095/487
f 653/1110/488 652/1101/488 655/1100/488 654/1111/488
f 657/1112/489 656/1113/489 659/1097/489 658/1096/489
f 644/1106/490 645/1098/490 652/1101/490 653/1110/490
f 651/1095/491 648/1109/491 657/1112/491 658/1096/491
f 646/1099/492 647/1107/492 654/1111/492 655/1100/492
f 647/1107/493 644/1106/493 653/1110/493 654/1111/493
f 649/1108/494 650/1094/494 659/1097/494 656/1113/494
f 648/1109/495 649/1108/495 656/1113/495 657/1112/495
f 482/805/496 480/804/496 661/1114/496 660/1115/496
f 480/804/497 401/809/497 662/798/497 661/1114/497
f 401/809/498 403/808/498 663/799/498 662/798/498
f 403/808/499 482/805/499 660/1115/499 663/799/499
f 664/1116/500 665/1117/500 667/801/500 666/800/500
f 663/799/501 660/1115/501 664/1116/501 666/800/501
f 661/1114/502 662/798/502 667/801/502 665/1117/502
f 660/1115/503 661/1114/503 665/1117/503 664/1116/503
f 49/132/504 50/131/504 669/1118/504 668/1119/504
f 50/131/504 52/126/504 670/121/504 669/1118/504
f 52/126/504 51/125/504 671/122/504 670/121/504
f 51/125/504 49/132/504 668/1119/504 671/122/504
f 672/1120/504 673/1121/504 675/124/504 674/123/504
f 671/122/505 668/1119/505 672/1120/505 674/123/505
f 669/1118/506 670/121/506 675/124/506 673/1121/506
f 668/1119/507 669/1118/507 673/1121/507 672/1120/507
f 1190/606/508 284/605/508 754/1122/508 1676/1123/508
f 284/605/509 190/411/509 678/1124/509 754/1122/509
f 190/411/510 1090/410/510 1591/1125/510 678/1124/510
f 702/1126/511 703/1127/511 705/1128/511 704/1129/511
f 692/1130/512 693/1131/512 761/1132/512 763/1133/512
f 685/407/513 1611/1134/513 1594/1135/513 681/408/513
f 678/1136/513 1591/1137/513 1608/1138/513 682/1139/513
f 682/1140/513 1608/1141/513 1609/1142/513 683/1143/513
f 683/1144/513 1609/1145/513 1610/1146/513 684/1147/513
f 684/1148/513 1610/1149/513 1611/1150/513 685/1151/513
f 686/1152/514 680/1153/514 771/1154/514 766/1155/514
f 689/1156/515 688/1157/515 762/1158/515 760/1159/515
f 676/1160/516 677/1161/516 769/1162/516 768/1163/516
f 691/1164/517 692/1165/517 763/1166/517 765/1167/517
f 754/1168/518 678/1136/518 682/1139/518 756/1169/518
f 682/1140/519 683/1143/519 699/1170/519 698/1171/519
f 759/1172/520 683/1144/520 684/1147/520 758/1173/520
f 748/1174/521 749/1175/521 752/1176/521 753/1177/521
f 709/1178/522 706/1179/522 711/1180/522 712/1181/522
f 684/1148/523 685/1151/523 695/1182/523 694/1183/523
f 758/1184/524 684/1148/524 694/1183/524 697/1185/524
f 685/1151/525 757/1186/525 696/1187/525 695/1182/525
f 723/1188/526 724/1189/526 729/1190/526 726/1191/526
f 756/1192/527 682/1140/527 698/1171/527 701/1193/527
f 740/1194/528 741/1195/528 744/1196/528 745/1197/528
f 683/1143/529 759/1198/529 700/1199/529 699/1170/529
f 1678/1200/530 755/409/530 702/1201/530 1620/1202/530
f 755/409/531 681/408/531 703/1203/531 702/1201/531
f 681/408/532 1594/1135/532 1623/1204/532 703/1203/532
f 1624/1205/533 704/1129/533 705/1128/533 1626/1206/533
f 1620/1207/534 702/1126/534 704/1129/534 1624/1205/534
f 703/1127/535 1623/1208/535 1626/1206/535 705/1128/535
f 697/1185/536 694/1183/536 707/1209/536 706/1179/536
f 694/1183/537 695/1182/537 708/1210/537 707/1209/537
f 695/1182/538 696/1187/538 709/1178/538 708/1210/538
f 696/1187/539 697/1185/539 706/1179/539 709/1178/539
f 716/1211/540 717/1212/540 720/1213/540 721/1214/540
f 707/1209/541 708/1210/541 713/1215/541 710/1216/541
f 706/1179/542 707/1209/542 710/1216/542 711/1180/542
f 708/1210/543 709/1178/543 712/1181/543 713/1215/543
f 711/1180/544 710/1216/544 715/1217/544 714/1218/544
f 710/1216/545 713/1215/545 716/1211/545 715/1217/545
f 713/1215/546 712/1181/546 717/1212/546 716/1211/546
f 712/1181/547 711/1180/547 714/1218/547 717/1212/547
f 719/1219/548 718/1220/548 721/1214/548 720/1213/548
f 717/1212/549 714/1218/549 719/1219/549 720/1213/549
f 715/1217/550 716/1211/550 721/1214/550 718/1220/550
f 714/1218/551 715/1217/551 718/1220/551 719/1219/551
f 701/1193/552 698/1171/552 723/1188/552 722/1221/552
f 698/1171/553 699/1170/553 724/1189/553 723/1188/553
f 699/1170/554 700/1199/554 725/1222/554 724/1189/554
f 700/1199/555 701/1193/555 722/1221/555 725/1222/555
f 731/1223/556 732/1224/556 737/1225/556 734/1226/556
f 722/1221/557 723/1188/557 726/1191/557 727/1227/557
f 724/1189/558 725/1222/558 728/1228/558 729/1190/558
f 725/1222/559 722/1221/559 727/1227/559 728/1228/559
f 727/1227/560 726/1191/560 731/1223/560 730/1229/560
f 726/1191/561 729/1190/561 732/1224/561 731/1223/561
f 729/1190/562 728/1228/562 733/1230/562 732/1224/562
f 728/1228/563 727/1227/563 730/1229/563 733/1230/563
f 735/1231/564 734/1226/564 737/1225/564 736/1232/564
f 730/1229/565 731/1223/565 734/1226/565 735/1231/565
f 732/1224/566 733/1230/566 736/1232/566 737/1225/566
f 733/1230/567 730/1229/567 735/1231/567 736/1232/567
f 759/1198/568 756/1192/568 739/1233/568 738/1234/568
f 756/1192/568 701/1193/568 740/1194/568 739/1233/568
f 701/1193/568 700/1199/568 741/1195/568 740/1194/568
f 700/1199/569 759/1198/569 738/1234/569 741/1195/569
f 742/1235/568 743/1236/568 745/1197/568 744/1196/568
f 741/1195/570 738/1234/570 742/1235/570 744/1196/570
f 739/1233/571 740/1194/571 745/1197/571 743/1236/571
f 738/1234/572 739/1233/572 743/1236/572 742/1235/572
f 757/1186/573 758/1184/573 747/1237/573 746/1238/573
f 758/1184/573 697/1185/573 748/1174/573 747/1237/573
f 697/1185/573 696/1187/573 749/1175/573 748/1174/573
f 696/1187/573 757/1186/573 746/1238/573 749/1175/573
f 750/1239/573 751/1240/573 753/1177/573 752/1176/573
f 749/1175/574 746/1238/574 750/1239/574 752/1176/574
f 747/1237/575 748/1174/575 753/1177/575 751/1240/575
f 746/1238/576 747/1237/576 751/1240/576 750/1239/576
f 677/1161/577 676/1160/577 1676/1241/577 754/1168/577
f 679/1242/578 680/1153/578 755/409/578 1678/1200/578
f 689/1243/579 677/1161/579 754/1168/579 756/1169/579
f 676/1160/580 693/1244/580 1681/1245/580 1676/1241/580
f 680/1153/581 686/1152/581 757/406/581 755/409/581
f 686/1246/582 687/1247/582 758/1184/582 757/1186/582
f 687/1248/583 688/1249/583 759/1172/583 758/1173/583
f 688/1157/584 689/1156/584 756/1192/584 759/1198/584
f 690/1250/585 679/1242/585 1678/1200/585 1685/1251/585
f 691/1252/586 690/1253/586 1685/1254/586 1686/1255/586
f 692/1165/587 691/1164/587 1686/1256/587 1687/1257/587
f 693/1131/588 692/1130/588 1687/1258/588 1681/1259/588
f 767/1260/589 766/1155/589 771/1154/589 770/1261/589
f 768/1163/590 769/1162/590 760/1262/590 761/1263/590
f 761/1132/591 760/1159/591 762/1158/591 763/1133/591
f 763/1166/592 762/1264/592 764/1265/592 765/1167/592
f 765/1266/593 764/1267/593 766/1268/593 767/1269/593
f 680/1153/594 679/1242/594 770/1261/594 771/1154/594
f 679/1242/595 690/1250/595 767/1260/595 770/1261/595
f 687/1247/596 686/1246/596 766/1268/596 764/1267/596
f 677/1161/514 689/1243/514 760/1262/514 769/1162/514
f 690/1253/597 691/1252/597 765/1266/597 767/1269/597
f 688/1249/514 687/1248/514 764/1265/514 762/1264/514
f 693/1244/595 676/1160/595 768/1163/595 761/1263/595
f 211/1270/202 212/461/202 773/465/202 772/423/202
f 213/1271/598 211/1270/598 772/423/598 774/422/598
f 212/461/202 214/460/202 775/467/202 773/465/202
f 214/460/202 213/1271/202 774/422/202 775/467/202
f 778/1272/598 779/463/598 777/462/598 776/1273/598
f 212/461/599 211/1270/599 776/1273/599 777/462/599
f 213/1271/600 214/460/600 779/463/600 778/1272/600
f 211/1270/601 213/1271/601 778/1272/601 776/1273/601
f 282/390/183 184/15/183 782/1274/183 781/1275/183
f 780/457/602 787/456/602 795/1276/602 788/1277/602
f 184/15/191 190/411/191 784/1278/191 782/1274/191
f 781/1275/603 782/1274/603 790/1279/603 789/1280/603
f 190/411/192 284/605/192 786/1281/192 784/1278/192
f 782/1274/604 784/1278/604 792/1282/604 790/1279/604
f 284/605/202 282/390/202 781/1275/202 786/1281/202
f 784/1278/605 786/1281/605 794/1283/605 792/1282/605
f 789/1280/606 790/1279/606 791/1284/606 788/1277/606
f 790/1279/607 792/1282/607 793/1285/607 791/1284/607
f 792/1282/608 794/1283/608 795/1276/608 793/1285/608
f 794/1283/609 789/1280/609 788/1277/609 795/1276/609
f 787/456/610 785/458/610 793/1285/610 795/1276/610
f 785/458/611 783/459/611 791/1284/611 793/1285/611
f 783/459/612 780/457/612 788/1277/612 791/1284/612
f 786/1281/613 781/1275/613 789/1280/613 794/1283/613
f 208/396/206 192/399/206 801/1286/206 802/1287/206
f 802/1288/206 801/1289/206 800/1290/206 803/1291/206
f 210/419/205 208/396/205 802/1287/205 796/1292/205
f 796/1293/205 802/1288/205 803/1291/205 797/1294/205
f 192/399/204 194/417/204 799/1295/204 801/1286/204
f 801/1289/204 799/1296/204 798/1297/204 800/1290/204
f 194/417/193 210/419/193 796/1292/193 799/1295/193
f 799/1296/193 796/1293/193 797/1294/193 798/1297/193
f 413/854/53 411/853/53 808/1298/53 807/1299/53
f 825/1300/366 821/1301/366 853/1302/366 857/1303/366
f 806/1304/53 809/1305/53 810/1306/53 805/1307/53
f 815/982/365 811/984/365 843/1308/365 847/1309/365
f 411/853/357 410/852/357 812/1310/357 808/1298/357
f 828/971/365 835/970/365 867/1311/365 860/1312/365
f 809/1305/357 813/1313/357 814/1314/357 810/1306/357
f 822/1315/365 826/1316/365 858/1317/365 854/1318/365
f 410/852/349 412/855/349 816/1319/349 812/1310/349
f 810/1306/366 814/1314/366 846/1320/366 842/1321/366
f 813/1313/349 817/1322/349 818/1323/349 814/1314/349
f 834/1324/366 829/1325/366 861/1326/366 866/1327/366
f 412/855/358 413/854/358 807/1299/358 816/1319/358
f 827/1328/366 823/1329/366 855/1330/366 859/1331/366
f 817/1322/358 806/1304/358 805/1307/358 818/1323/358
f 813/1313/365 809/1305/365 841/1332/365 845/1333/365
f 415/857/357 414/856/357 823/1329/357 827/1328/357
f 830/1334/365 833/1335/365 865/1336/365 862/1337/365
f 826/1316/357 822/1315/357 821/1301/357 825/1300/357
f 808/1298/366 812/1310/366 844/1338/366 840/1339/366
f 414/856/349 408/851/349 832/1340/349 823/1329/349
f 832/1340/366 831/1341/366 863/1342/366 864/1343/366
f 822/1315/349 833/1335/349 834/1324/349 821/1301/349
f 811/984/614 804/979/614 836/1344/614 843/1308/614
f 409/850/53 415/857/53 827/1328/53 831/1341/53
f 824/974/458 828/971/458 860/1312/458 856/1345/458
f 830/1334/53 826/1316/53 825/1300/53 829/1325/53
f 805/1307/424 810/1306/424 842/1321/424 837/1346/424
f 408/851/358 409/850/358 831/1341/358 832/1340/358
f 829/1325/417 825/1300/417 857/1303/417 861/1326/417
f 833/1335/358 830/1334/358 829/1325/358 834/1324/358
f 804/979/365 819/978/365 851/1347/365 836/1344/365
f 839/1348/53 840/1349/53 841/1350/53 838/1351/53
f 837/1352/53 842/1353/53 843/1354/53 836/1355/53
f 840/1356/357 844/1357/357 845/1358/357 841/1359/357
f 842/1360/357 846/1361/357 847/1362/357 843/1363/357
f 844/1364/349 848/1365/349 849/1366/349 845/1367/349
f 846/1368/349 850/1369/349 851/1370/349 847/1371/349
f 848/1372/358 839/1348/358 838/1351/358 849/1373/358
f 850/1374/358 837/1352/358 836/1355/358 851/1375/358
f 859/1376/408 855/1377/408 854/1378/408 858/1379/408
f 857/1380/408 853/1381/408 852/1382/408 856/1383/408
f 855/1384/349 864/1385/349 865/1386/349 854/1387/349
f 853/1388/349 866/1389/349 867/1390/349 852/1391/349
f 863/1392/53 859/1393/53 858/1394/53 862/1395/53
f 861/1396/53 857/1397/53 856/1398/53 860/1399/53
f 864/1400/407 863/1392/407 862/1395/407 865/1401/407
f 866/1402/407 861/1396/407 860/1399/407 867/1403/407
f 812/1310/615 816/1319/615 848/1404/615 844/1338/615
f 820/976/365 824/974/365 856/1345/365 852/1405/365
f 817/1322/403 813/1313/403 845/1333/403 849/1406/403
f 823/1329/417 832/1340/417 864/1343/417 855/1330/417
f 814/1314/424 818/1323/424 850/1407/424 846/1320/424
f 833/1335/458 822/1315/458 854/1318/458 865/1336/458
f 819/978/403 815/982/403 847/1309/403 851/1347/403
f 821/1301/417 834/1324/417 866/1327/417 853/1302/417
f 816/1319/366 807/1299/366 839/1408/366 848/1404/366
f 835/970/458 820/976/458 852/1405/458 867/1311/458
f 806/1304/365 817/1322/365 849/1406/365 838/1409/365
f 831/1341/417 827/1328/417 859/1331/417 863/1342/417
f 807/1299/615 808/1298/615 840/1339/615 839/1408/615
f 818/1323/366 805/1307/366 837/1346/366 850/1407/366
f 826/1316/458 830/1334/458 862/1337/458 858/1317/458
f 809/1305/614 806/1304/614 838/1409/614 841/1332/614
f 876/1410/616 908/1411/616 909/1412/616 877/1413/616
f 871/1414/617 876/1415/617 879/1416/617 1152/1417/617
f 872/9/3 874/12/3 1017/1418/3 870/1419/3
f 905/1420/618 1082/1421/618 1083/1422/618 964/1423/618
f 879/1416/619 896/1424/619 1162/1425/619 1152/1417/619
f 874/1426/620 872/9/620 873/1427/620 875/1428/620
f 925/1429/6 880/1430/6 1293/1431/6 923/1432/6
f 877/1433/621 909/1434/621 906/1435/621 870/1419/621
f 1162/1436/622 962/1437/622 1150/1438/622 1152/1439/622
f 1017/1418/623 1018/1440/623 877/1433/623 870/1419/623
f 1131/1441/624 930/1442/624 928/1443/624 1128/1444/624
f 920/1445/625 881/1446/625 880/1447/625 925/1448/625
f 923/1449/12 1293/1450/12 882/1451/12 921/1452/12
f 921/1453/3 882/1454/3 881/1455/3 920/1456/3
f 886/1457/626 890/1458/626 889/1459/626 885/1460/626
f 882/1454/627 886/1457/627 885/1460/627 881/1455/627
f 880/1430/628 1134/1461/628 1292/1462/628 1293/1431/628
f 881/1446/629 939/1463/629 938/1464/629 880/1447/629
f 1258/1465/630 1104/1466/630 1103/1467/630 1257/1468/630
f 933/1469/631 1275/1470/631 1276/1471/631 934/1472/631
f 880/1430/632 938/1473/632 1135/1474/632 1134/1461/632
f 1128/1444/633 928/1443/633 926/1475/633 1118/1476/633
f 1164/564/620 901/565/620 900/1477/620 894/1478/620
f 896/1424/634 902/1479/634 1163/1480/634 1162/1425/634
f 874/12/635 894/70/635 1019/1481/635 1017/1418/635
f 875/1428/620 1164/564/620 894/1478/620 874/1426/620
f 897/1482/636 1024/1483/636 1023/1484/636 893/1485/636
f 1018/1486/637 1020/1487/637 896/1488/637 879/1489/637
f 903/1490/638 970/1491/638 969/1492/638 902/1493/638
f 1020/1487/639 973/1494/639 974/1495/639 903/1490/639
f 967/207/620 977/1496/620 976/1497/620 900/1477/620
f 900/1477/620 976/1497/620 971/1498/620 894/1478/620
f 1020/1487/640 903/1490/640 902/1493/640 896/1488/640
f 895/1499/641 1176/1500/641 1169/1501/641 1165/1502/641
f 964/1423/642 1074/1503/642 1073/1504/642 905/1420/642
f 906/1505/643 909/1412/643 908/1411/643 905/1506/643
f 871/1414/644 905/1420/644 908/1507/644 876/1415/644
f 870/1419/32 906/1435/32 907/94/32 872/9/32
f 964/1423/33 1083/1422/33 1087/96/33 963/95/33
f 872/9/620 907/94/620 904/1508/620 873/1427/620
f 1018/1440/3 919/1509/3 918/1510/3 877/1433/3
f 916/1511/3 917/1512/3 914/1513/3 915/1514/3
f 879/1489/12 922/1515/12 919/1516/12 1018/1486/12
f 910/1517/12 911/1518/12 917/1519/12 916/1520/12
f 877/1413/34 918/1521/34 924/1522/34 876/1410/34
f 915/1523/34 914/1524/34 912/1525/34 913/1526/34
f 876/1415/6 924/1527/6 922/1528/6 879/1416/6
f 913/1529/6 912/1530/6 911/1531/6 910/1532/6
f 915/1514/36 918/1510/36 919/1509/36 916/1511/36
f 917/1512/35 921/1453/35 920/1456/35 914/1513/35
f 916/1520/38 919/1516/38 922/1515/38 910/1517/38
f 911/1518/37 923/1449/37 921/1452/37 917/1519/37
f 913/1526/40 924/1522/40 918/1521/40 915/1523/40
f 914/1524/39 920/1445/39 925/1448/39 912/1525/39
f 910/1532/42 922/1528/42 924/1527/42 913/1529/42
f 912/1530/41 925/1429/41 923/1432/41 911/1531/41
f 1582/1533/645 1587/1534/645 1586/1535/645 1583/1536/645
f 928/1537/646 930/1538/646 931/1539/646 929/1540/646
f 1118/1541/647 926/1542/647 927/1543/647 1121/1544/647
f 1121/1545/648 927/1546/648 929/1547/648 1124/1548/648
f 1124/1548/649 929/1547/649 931/1549/649 1127/1550/649
f 1127/1551/650 931/1552/650 930/1553/650 1131/1554/650
f 1097/1555/651 948/1556/651 949/1557/651 1096/1558/651
f 952/1559/652 957/1560/652 956/1561/652 953/1562/652
f 882/1454/653 935/1563/653 936/1564/653 886/1457/653
f 1293/1450/654 1295/1565/654 935/1566/654 882/1451/654
f 1303/1567/655 1330/1568/655 1332/1569/655 1306/1570/655
f 888/1571/656 1144/1572/656 1277/1573/656 942/1574/656
f 939/1463/657 941/1575/657 1135/1576/657 938/1464/657
f 941/1575/658 943/1577/658 1141/1578/658 1135/1576/658
f 889/1459/659 943/1579/659 941/1580/659 885/1460/659
f 1137/1581/660 1141/1582/660 943/1583/660 889/1584/660
f 885/1460/661 941/1580/661 939/1585/661 881/1455/661
f 940/1586/662 1271/1587/662 1270/1588/662 884/1589/662
f 945/1590/663 946/1591/663 947/1592/663 944/1593/663
f 946/1591/664 949/1557/664 948/1556/664 947/1592/664
f 1100/1594/665 945/1590/665 944/1593/665 1099/1595/665
f 1250/1596/666 1105/1597/666 1106/1598/666 1249/1599/666
f 1096/1600/667 949/1601/667 946/1602/667 1101/1603/667
f 1101/1603/668 946/1602/668 945/1604/668 1100/1605/668
f 886/1457/669 950/1606/669 951/1607/669 890/1458/669
f 890/1458/670 951/1607/670 952/1559/670 937/1608/670
f 937/1608/671 952/1559/671 953/1562/671 936/1564/671
f 936/1564/672 953/1562/672 950/1606/672 886/1457/672
f 955/1609/673 956/1561/673 957/1560/673 954/1610/673
f 953/1562/674 956/1561/674 955/1609/674 950/1606/674
f 951/1607/675 954/1610/675 957/1560/675 952/1559/675
f 950/1606/676 955/1609/676 954/1610/676 951/1607/676
f 963/1611/620 1087/1612/620 1189/1613/620 958/1614/620
f 1150/1438/677 962/1437/677 961/200/677 1151/199/677
f 871/1414/678 1080/1615/678 1082/1421/678 905/1420/678
f 873/1427/620 958/1614/620 1151/548/620 875/1428/620
f 875/1428/620 1151/548/620 961/1616/620 1164/564/620
f 904/1508/620 963/1611/620 958/1614/620 873/1427/620
f 963/95/77 1078/202/77 1074/1503/77 964/1423/77
f 1164/203/679 961/200/679 962/1437/679 1162/1436/679
f 966/1617/680 967/207/680 1167/206/680 1166/1618/680
f 1166/1618/681 969/1492/681 970/1491/681 966/1617/681
f 1165/1502/682 1169/1501/682 1179/1619/682 968/1620/682
f 902/1479/683 969/1621/683 1166/1622/683 1163/1480/683
f 901/565/620 1167/567/620 967/207/620 900/1477/620
f 970/1491/684 975/1623/684 978/1624/684 966/1617/684
f 974/1495/685 981/1625/685 982/1626/685 975/1623/685
f 977/1627/620 990/1628/620 991/1629/620 985/1630/620
f 972/1631/686 979/1632/686 980/1633/686 973/1634/686
f 976/1497/620 983/1635/620 899/1636/620 971/1498/620
f 894/70/687 971/220/687 972/1631/687 1019/1481/687
f 903/1490/688 974/1495/688 975/1623/688 970/1491/688
f 967/247/620 987/248/620 990/1628/620 977/1627/620
f 1019/1481/689 972/1631/689 973/1634/689 1020/1637/689
f 984/1638/690 986/1639/690 982/1640/690 981/1641/690
f 899/226/691 983/227/691 984/1638/691 979/1632/691
f 979/1632/692 984/1638/692 981/1641/692 980/1633/692
f 983/227/92 985/228/92 986/1639/92 984/1638/92
f 977/1496/620 985/1642/620 983/1635/620 976/1497/620
f 971/220/693 899/226/693 979/1632/693 972/1631/693
f 975/1623/694 982/1626/694 986/1643/694 978/1624/694
f 973/1494/695 980/1644/695 981/1625/695 974/1495/695
f 1212/231/96 997/234/96 998/1645/96 1211/1646/96
f 1211/1647/696 998/1648/696 995/1649/696 1208/1650/696
f 978/1651/697 989/1652/697 988/1653/697 966/1654/697
f 985/243/698 991/246/698 992/1655/698 986/1656/698
f 966/1654/100 988/1653/100 987/248/100 967/247/100
f 986/1657/699 992/1658/699 989/1652/699 978/1651/699
f 995/1649/102 998/1648/102 997/252/102 996/251/102
f 994/1659/700 995/1649/700 996/251/700 993/254/700
f 1210/1660/701 994/1659/701 993/254/701 1207/256/701
f 1009/1661/620 996/251/620 997/252/620 1212/1662/620
f 1207/256/620 993/254/620 996/251/620 1009/1661/620
f 994/1659/702 1013/1663/702 1012/1664/702 995/1649/702
f 989/1665/703 999/1666/703 1008/1667/703 988/1668/703
f 995/1649/704 1012/1664/704 1209/1669/704 1208/1650/704
f 987/264/620 1005/265/620 1010/1670/620 990/1671/620
f 1206/1672/620 1207/256/620 1009/1661/620 1203/1673/620
f 990/1671/620 1010/1670/620 1004/1674/620 991/1675/620
f 1203/1673/620 1009/1661/620 1212/1662/620 1214/1676/620
f 988/1668/705 1008/1667/705 1005/265/705 987/264/705
f 1006/1677/706 1231/1678/706 1226/1679/706 1007/1680/706
f 992/1681/707 1002/1682/707 999/1666/707 989/1665/707
f 1205/1683/708 1229/1684/708 1227/1685/708 1202/1686/708
f 991/276/112 1004/279/112 1002/1687/112 992/1688/112
f 1011/1689/709 1223/1690/709 1221/1691/709 1000/1692/709
f 1209/1669/710 1012/1664/710 1013/1663/710 1213/1693/710
f 1215/1694/711 1220/1695/711 1222/1696/711 1216/1697/711
f 1201/1698/712 1230/1699/712 1231/1678/712 1006/1677/712
f 999/1666/713 1014/1700/713 1016/1701/713 1008/1667/713
f 1198/1702/714 1204/1703/714 1014/1704/714 999/1705/714
f 1210/1660/715 1213/1693/715 1013/1663/715 994/1659/715
f 878/1706/716 1018/1440/716 1017/1418/716 868/1707/716
f 893/1485/717 1019/1481/717 1020/1637/717 897/1482/717
f 868/1707/718 1017/1418/718 1019/1481/718 893/1485/718
f 897/1482/719 1020/1637/719 1018/1440/719 878/1706/719
f 1023/1484/720 1041/1708/720 1025/1709/720 1021/1710/720
f 893/1485/721 1023/1484/721 1021/1710/721 868/1707/721
f 868/1707/722 1021/1710/722 1022/1711/722 878/1706/722
f 878/1706/723 1022/1711/723 1024/1483/723 897/1482/723
f 1026/1712/724 1033/1713/724 1045/1714/724 1042/1715/724
f 1021/1710/725 1025/1709/725 1026/1712/725 1022/1711/725
f 1022/1711/726 1026/1712/726 1042/1715/726 1024/1483/726
f 1024/1483/727 1042/1715/727 1041/1708/727 1023/1484/727
f 1029/1716/728 1043/1717/728 1044/1718/728 1030/1719/728
f 1036/1720/729 1054/1721/729 1053/1722/729 1034/1723/729
f 1032/1724/730 1050/1725/730 1054/1721/730 1036/1720/730
f 1026/1726/731 1058/1727/731 1062/1728/731 1033/1729/731
f 1033/1713/732 1035/1730/732 1046/1731/732 1045/1714/732
f 1027/1732/733 1051/1733/733 1055/1734/733 1038/1735/733
f 1035/1736/734 1061/1737/734 1060/1738/734 1030/1739/734
f 1044/1718/735 1046/1731/735 1035/1730/735 1030/1719/735
f 1047/1740/736 1048/1741/736 1039/1742/736 1037/1743/736
f 1029/1716/737 1039/1742/737 1048/1741/737 1043/1717/737
f 1039/1744/738 1064/1745/738 1063/1746/738 1037/1747/738
f 1041/1708/739 1047/1740/739 1037/1743/739 1025/1709/739
f 1027/1732/740 1041/1748/740 1042/1749/740 1028/1750/740
f 1032/1724/741 1044/1751/741 1043/1752/741 1031/1753/741
f 1034/1723/742 1045/1754/742 1046/1755/742 1036/1720/742
f 1028/1750/743 1042/1749/743 1045/1754/743 1034/1723/743
f 1036/1720/744 1046/1755/744 1044/1751/744 1032/1724/744
f 1040/1756/745 1048/1757/745 1047/1758/745 1038/1735/745
f 1038/1735/746 1047/1758/746 1041/1748/746 1027/1732/746
f 1031/1753/747 1043/1752/747 1048/1757/747 1040/1756/747
f 1049/1759/748 1050/1760/748 1052/1761/748 1051/1762/748
f 1052/1761/749 1056/1763/749 1055/1764/749 1051/1762/749
f 1049/1759/750 1053/1765/750 1054/1766/750 1050/1760/750
f 1028/1750/751 1049/1767/751 1051/1733/751 1027/1732/751
f 1040/1756/752 1056/1768/752 1052/1769/752 1031/1753/752
f 1038/1735/753 1055/1734/753 1056/1768/753 1040/1756/753
f 1034/1723/754 1053/1722/754 1049/1767/754 1028/1750/754
f 1031/1753/755 1052/1769/755 1050/1725/755 1032/1724/755
f 1058/1727/756 1066/1770/756 1070/1771/756 1062/1728/756
f 1064/1745/757 1072/1772/757 1071/1773/757 1063/1746/757
f 1063/1746/758 1071/1773/758 1065/1774/758 1057/1775/758
f 1029/1776/759 1059/1777/759 1064/1745/759 1039/1744/759
f 1030/1739/760 1060/1738/760 1059/1777/760 1029/1776/760
f 1033/1729/761 1062/1728/761 1061/1737/761 1035/1736/761
f 1025/1778/762 1057/1775/762 1058/1727/762 1026/1726/762
f 1037/1747/763 1063/1746/763 1057/1775/763 1025/1778/763
f 1065/1779/764 1067/1780/764 1068/1781/764 1066/1782/764
f 1068/1781/765 1069/1783/765 1070/1784/765 1066/1782/765
f 1065/1779/766 1071/1785/766 1072/1786/766 1067/1780/766
f 1060/1738/767 1068/1787/767 1067/1788/767 1059/1777/767
f 1059/1777/768 1067/1788/768 1072/1772/768 1064/1745/768
f 1061/1737/769 1069/1789/769 1068/1787/769 1060/1738/769
f 1062/1728/770 1070/1771/770 1069/1789/770 1061/1737/770
f 1057/1775/771 1065/1774/771 1066/1770/771 1058/1727/771
f 1077/381/176 1076/1790/176 1073/1791/176 1075/382/176
f 1073/1791/177 1074/1792/177 1078/385/177 1075/382/177
f 907/94/620 1077/387/620 1075/382/620 904/1508/620
f 905/1506/772 1073/1791/772 1076/1790/772 906/1505/772
f 904/1508/620 1075/382/620 1078/385/620 963/1611/620
f 906/1435/179 1076/1793/179 1077/387/179 907/94/179
f 1155/1794/773 1187/1795/773 1186/1796/773 1080/1615/773
f 1080/1615/774 1186/1796/774 1083/1422/774 1082/1421/774
f 1084/1797/775 1192/1798/775 1195/1799/775 1154/1800/775
f 1109/1801/776 1093/1802/776 1092/1803/776 1108/1804/776
f 1152/1417/777 1155/1794/777 1080/1615/777 871/1414/777
f 869/1805/778 1159/1806/778 1161/1807/778 1081/1808/778
f 959/1809/779 1156/1810/779 1159/1806/779 869/1805/779
f 958/1614/620 1189/1613/620 1188/552/620 1151/548/620
f 1682/1811/780 1679/1812/780 1595/1813/780 1599/1814/780
f 1087/1612/620 1090/1815/620 1190/1816/620 1189/1613/620
f 1083/1422/188 1091/1817/188 1090/410/188 1087/96/188
f 1079/1818/781 1193/1819/781 1197/1820/781 1089/1821/781
f 1093/1802/782 1095/1822/782 1094/1823/782 1092/1803/782
f 1108/1804/783 1092/1803/783 1094/1823/783 1110/1824/783
f 1110/1824/784 1094/1823/784 1095/1822/784 1111/1825/784
f 1726/1826/785 1700/1827/785 1702/1828/785 1725/1829/785
f 1245/1830/668 1101/1831/668 1100/1832/668 1238/1833/668
f 1241/1834/667 1096/1835/667 1101/1831/667 1245/1830/667
f 1243/1836/786 1098/1837/786 1097/1838/786 1234/1839/786
f 1238/1840/665 1100/1841/665 1099/1842/665 1236/1843/665
f 1234/1844/651 1097/1845/651 1096/1846/651 1241/1847/651
f 1236/1848/787 1099/1849/787 1098/1837/787 1243/1836/787
f 1106/1850/788 1290/1851/788 1288/1852/788 1104/1466/788
f 1105/1597/789 1289/1853/789 1290/1854/789 1106/1598/789
f 1257/1468/790 1103/1467/790 1102/1855/790 1265/1856/790
f 1266/1857/791 1107/1858/791 1105/1597/791 1250/1596/791
f 1265/1856/792 1102/1855/792 1107/1859/792 1266/1860/792
f 1249/1861/793 1106/1850/793 1104/1466/793 1258/1465/793
f 1715/1862/794 1111/1825/794 1109/1801/794 1708/1863/794
f 1713/1864/784 1110/1824/784 1111/1825/784 1715/1862/784
f 1711/1865/783 1108/1804/783 1110/1824/783 1713/1864/783
f 1708/1863/776 1109/1801/776 1108/1804/776 1711/1865/776
f 1115/1866/795 1707/1867/795 1705/1868/795 1113/1869/795
f 1728/1870/796 1701/1871/796 1700/1827/796 1726/1826/796
f 1725/1829/797 1702/1828/797 1703/1872/797 1731/1873/797
f 1731/1873/798 1703/1872/798 1701/1871/798 1728/1870/798
f 937/1874/799 1125/1875/799 1133/1876/799 1140/1877/799
f 1125/1878/800 1126/1879/800 1132/1880/800 1133/1881/800
f 1126/1882/801 1127/1883/801 1131/1884/801 1132/1885/801
f 936/1886/802 1122/1887/802 1125/1888/802 937/1889/802
f 1122/1890/803 1123/1891/803 1126/1892/803 1125/1893/803
f 1123/1894/804 1124/1895/804 1127/1896/804 1126/1897/804
f 935/1898/805 1119/1899/805 1122/1887/805 936/1886/805
f 1119/1900/806 1120/1901/806 1123/1891/806 1122/1890/806
f 1120/1902/807 1121/1903/807 1124/1895/807 1123/1894/807
f 1295/1904/808 1116/1905/808 1119/1906/808 935/1907/808
f 1116/1908/808 1117/1909/808 1120/1910/808 1119/1911/808
f 1117/1912/808 1118/1913/808 1121/1914/808 1120/1915/808
f 1294/1916/809 1130/1917/809 1116/1918/809 1295/1919/809
f 1130/1920/810 1129/1921/810 1117/1922/810 1116/1923/810
f 1129/1924/811 1128/1925/811 1118/1926/811 1117/1927/811
f 1140/1928/812 1133/1929/812 1130/1917/812 1294/1916/812
f 1133/1930/813 1132/1931/813 1129/1921/813 1130/1920/813
f 1132/1932/814 1131/1933/814 1128/1925/814 1129/1924/814
f 884/1589/815 1134/1461/815 1135/1474/815 940/1586/815
f 887/1934/816 1292/1462/816 1134/1461/816 884/1589/816
f 888/1571/817 1137/1935/817 1138/1936/817 891/1937/817
f 933/1469/818 1294/1938/818 1292/1462/818 887/1934/818
f 891/1937/819 1138/1936/819 1140/1939/819 934/1472/819
f 934/1472/820 1140/1939/820 1294/1938/820 933/1469/820
f 940/1586/821 1135/1474/821 1141/1940/821 942/1574/821
f 942/1574/822 1141/1940/822 1137/1935/822 888/1571/822
f 1149/1941/823 1285/1942/823 1282/1943/823 1146/1944/823
f 1145/1945/824 1281/1946/824 1278/1947/824 1272/1948/824
f 1272/1948/825 1278/1947/825 1283/1949/825 1147/1950/825
f 887/1934/826 1142/1951/826 1275/1470/826 933/1469/826
f 884/1589/827 1270/1588/827 1142/1951/827 887/1934/827
f 942/1574/828 1277/1573/828 1271/1587/828 940/1586/828
f 934/1472/829 1276/1471/829 1143/1952/829 891/1937/829
f 891/1937/830 1143/1952/830 1144/1572/830 888/1571/830
f 959/1809/831 1150/1953/831 1151/548/831 960/1954/831
f 869/1805/832 1152/1417/832 1150/1953/832 959/1809/832
f 1086/1955/833 1188/552/833 1187/1795/833 1085/1956/833
f 1085/1956/834 1187/1795/834 1155/1794/834 1081/1808/834
f 1081/1808/835 1155/1794/835 1152/1417/835 869/1805/835
f 960/1954/244 1151/548/244 1188/552/244 1086/1955/244
f 1158/1957/245 1160/1958/245 1157/1959/245 1156/1960/245
f 1156/1960/836 1157/1959/836 1161/1961/836 1159/1962/836
f 1085/1956/837 1157/1963/837 1160/1964/837 1086/1955/837
f 960/1954/838 1158/1965/838 1156/1810/838 959/1809/838
f 1086/1955/839 1160/1964/839 1158/1965/839 960/1954/839
f 1081/1808/840 1161/1807/840 1157/1963/840 1085/1956/840
f 892/1966/841 1162/1425/841 1163/1480/841 898/1967/841
f 895/1499/842 1164/564/842 1162/1425/842 892/1966/842
f 1165/1502/843 901/565/843 1164/564/843 895/1499/843
f 965/1968/844 1166/1622/844 1167/567/844 968/1620/844
f 968/1620/845 1167/567/845 901/565/845 1165/1502/845
f 898/1967/846 1163/1480/846 1166/1622/846 965/1968/846
f 1171/1969/847 1183/1970/847 1181/1971/847 1177/1972/847
f 1177/1972/848 1181/1971/848 1185/1973/848 1173/1974/848
f 898/1967/849 1168/1975/849 1174/1976/849 892/1966/849
f 965/1977/850 1178/1978/850 1168/1979/850 898/1980/850
f 968/1981/851 1179/1982/851 1178/1983/851 965/1984/851
f 892/1966/852 1174/1976/852 1176/1500/852 895/1499/852
f 1170/1985/853 1174/1986/853 1168/1987/853 1175/1988/853
f 1171/1969/854 1176/1989/854 1174/1986/854 1170/1985/854
f 1177/1972/855 1169/1990/855 1176/1989/855 1171/1969/855
f 1172/1991/856 1178/1992/856 1179/1993/856 1173/1974/856
f 1173/1974/857 1179/1993/857 1169/1990/857 1177/1972/857
f 1175/1988/858 1168/1987/858 1178/1992/858 1172/1991/858
f 1182/1994/859 1180/1995/859 1181/1996/859 1183/1997/859
f 1180/1995/860 1184/1998/860 1185/1999/860 1181/1996/860
f 1175/1988/861 1180/2000/861 1182/2001/861 1170/1985/861
f 1172/1991/862 1184/2002/862 1180/2000/862 1175/1988/862
f 1173/1974/863 1185/1973/863 1184/2002/863 1172/1991/863
f 1170/1985/864 1182/2001/864 1183/1970/864 1171/1969/864
f 1079/1818/865 1186/1796/865 1187/1795/865 1153/2003/865
f 1153/2003/276 1187/1795/276 1188/552/276 1154/1800/276
f 1154/1800/276 1188/552/276 1189/603/276 1084/1797/276
f 1088/2004/277 1190/606/277 1191/2005/277 1089/1821/277
f 1089/1821/277 1191/2005/277 1186/1796/277 1079/1818/277
f 1084/1797/277 1189/603/277 1190/606/277 1088/2004/277
f 1193/2006/866 1194/2007/866 1195/2008/866 1192/2009/866
f 1192/2009/277 1196/2010/277 1197/2011/277 1193/2006/277
f 1153/2003/867 1194/2012/867 1193/1819/867 1079/1818/867
f 1088/2004/868 1196/2013/868 1192/1798/868 1084/1797/868
f 1089/1821/281 1197/1820/281 1196/2013/281 1088/2004/281
f 1154/1800/282 1195/1799/282 1194/2012/282 1153/2003/282
f 1003/2014/869 1232/2015/869 1233/2016/869 1200/2017/869
f 1008/2018/870 1016/2019/870 1218/2020/870 1217/2021/870
f 1014/1704/871 1204/1703/871 1218/2020/871 1016/2019/871
f 1004/623/286 1214/626/286 1219/2022/286 1002/2023/286
f 1002/2024/872 1219/2025/872 1198/1702/872 999/1705/872
f 1008/2018/288 1217/2021/288 1206/630/288 1005/629/288
f 1010/1670/620 1203/1673/620 1214/1676/620 1004/1674/620
f 1005/265/620 1206/1672/620 1203/1673/620 1010/1670/620
f 1006/1677/288 1207/631/288 1206/630/288 1201/1698/288
f 1000/1692/873 1208/2026/873 1209/2027/873 1011/1689/873
f 1007/1680/874 1210/2028/874 1207/631/874 1006/1677/874
f 1001/2029/875 1211/2030/875 1208/2026/875 1000/1692/875
f 1003/2014/876 1212/639/876 1211/2031/876 1001/2032/876
f 1011/1689/877 1209/2027/877 1213/2033/877 1015/2034/877
f 1015/2034/878 1213/2033/878 1210/2028/878 1007/1680/878
f 1200/2017/286 1214/626/286 1212/639/286 1003/2014/286
f 1216/1697/879 1204/1703/879 1198/1702/879 1215/1694/879
f 1202/1686/880 1217/2021/880 1218/2020/880 1205/1683/880
f 1205/1683/881 1218/2020/881 1204/1703/881 1216/1697/881
f 1199/2035/882 1219/2022/882 1214/626/882 1200/2017/882
f 1215/1694/883 1198/1702/883 1219/2025/883 1199/2036/883
f 1201/1698/884 1206/630/884 1217/2021/884 1202/1686/884
f 1227/2037/885 1226/2038/885 1231/2039/885 1230/2040/885
f 1225/2041/886 1224/2042/886 1221/2043/886 1220/2044/886
f 1233/2045/303 1232/2046/303 1224/2047/303 1225/2048/303
f 1222/2049/887 1223/2050/887 1228/2051/887 1229/2052/887
f 1227/2037/888 1229/2052/888 1228/2051/888 1226/2038/888
f 1221/2043/889 1223/2050/889 1222/2049/889 1220/2044/889
f 1216/1697/890 1222/1696/890 1229/1684/890 1205/1683/890
f 1000/1692/891 1221/1691/891 1224/2053/891 1001/2029/891
f 1200/2017/892 1233/2016/892 1225/2054/892 1199/2035/892
f 1001/2032/893 1224/2055/893 1232/2015/893 1003/2014/893
f 1199/2036/894 1225/2056/894 1220/1695/894 1215/1694/894
f 1015/2034/895 1228/2057/895 1223/1690/895 1011/1689/895
f 1202/1686/896 1227/1685/896 1230/1699/896 1201/1698/896
f 1007/1680/897 1226/1679/897 1228/2057/897 1015/2034/897
f 1137/2058/787 1237/2059/787 1242/2060/787 1138/2061/787
f 1237/2062/787 1236/2063/787 1243/2064/787 1242/2065/787
f 1140/2066/651 1235/2067/651 1240/2068/651 937/2069/651
f 1235/2070/651 1234/2071/651 1241/2072/651 1240/2073/651
f 889/2074/665 1239/2075/665 1237/2076/665 1137/2077/665
f 1239/2078/665 1238/2079/665 1236/2080/665 1237/2081/665
f 1138/2061/786 1242/2060/786 1235/2082/786 1140/2083/786
f 1242/2065/786 1243/2064/786 1234/2084/786 1235/2085/786
f 937/2086/667 1240/2087/667 1244/2088/667 890/2089/667
f 1240/2090/667 1241/2091/667 1245/2092/667 1244/2093/667
f 890/2089/668 1244/2088/668 1239/2094/668 889/2095/668
f 1244/2093/668 1245/2092/668 1238/2096/668 1239/2097/668
f 1097/1555/898 1246/2098/898 1261/2099/898 948/1556/898
f 1246/2100/898 1247/2101/898 1260/2102/898 1261/2103/898
f 1247/2104/898 1248/2105/898 1259/2106/898 1260/2107/898
f 1248/2108/898 1249/2109/898 1258/2110/898 1259/2111/898
f 944/1593/792 1262/2112/792 1269/2113/792 1099/1595/792
f 1262/2114/792 1263/2115/792 1268/2116/792 1269/2117/792
f 1263/2118/792 1264/2119/792 1267/2120/792 1268/2121/792
f 1264/2122/792 1265/2123/792 1266/2124/792 1267/2125/792
f 1099/2126/791 1269/2127/791 1253/2128/791 1098/2129/791
f 1269/2130/791 1268/2131/791 1252/2132/791 1253/2133/791
f 1268/2134/791 1267/2135/791 1251/2136/791 1252/2137/791
f 1267/2138/791 1266/2139/791 1250/2140/791 1251/2141/791
f 947/1592/790 1254/2142/790 1262/2112/790 944/1593/790
f 1254/2143/790 1255/2144/790 1263/2115/790 1262/2114/790
f 1255/2145/790 1256/2146/790 1264/2119/790 1263/2118/790
f 1256/2147/790 1257/2148/790 1265/2123/790 1264/2122/790
f 1098/2129/666 1253/2128/666 1246/2149/666 1097/2150/666
f 1253/2133/666 1252/2132/666 1247/2151/666 1246/2152/666
f 1252/2137/666 1251/2136/666 1248/2153/666 1247/2154/666
f 1251/2141/666 1250/2140/666 1249/2155/666 1248/2156/666
f 948/1556/630 1261/2099/630 1254/2142/630 947/1592/630
f 1261/2103/630 1260/2102/630 1255/2144/630 1254/2143/630
f 1260/2107/630 1259/2106/630 1256/2146/630 1255/2145/630
f 1259/2111/630 1258/2110/630 1257/2148/630 1256/2147/630
f 1145/1945/899 1270/2157/899 1271/2158/899 1146/1944/899
f 1272/1948/900 1142/2159/900 1270/2157/900 1145/1945/900
f 1273/2160/901 1144/2161/901 1143/2162/901 1274/2163/901
f 1147/1950/902 1275/2164/902 1142/2159/902 1272/1948/902
f 1274/2163/903 1143/2162/903 1276/2165/903 1148/2166/903
f 1148/2166/904 1276/2165/904 1275/2164/904 1147/1950/904
f 1146/1944/905 1271/2158/905 1277/2167/905 1149/1941/905
f 1149/1941/906 1277/2167/906 1144/2161/906 1273/2160/906
f 1281/2168/907 1280/2169/907 1279/2170/907 1278/2171/907
f 1279/2170/908 1284/2172/908 1283/2173/908 1278/2171/908
f 1281/2168/909 1282/2174/909 1285/2175/909 1280/2169/909
f 1148/2166/910 1284/2176/910 1279/2177/910 1274/2163/910
f 1274/2163/911 1279/2177/911 1280/2178/911 1273/2160/911
f 1146/1944/912 1282/1943/912 1281/1946/912 1145/1945/912
f 1273/2160/913 1280/2178/913 1285/1942/913 1149/1941/913
f 1147/1950/914 1283/1949/914 1284/2176/914 1148/2166/914
f 1291/2179/787 1286/2180/787 1287/2181/787 1289/1853/787
f 1289/1853/786 1287/2181/786 1288/2182/786 1290/1854/786
f 1104/1466/915 1288/1852/915 1287/2183/915 1103/1467/915
f 1107/1858/916 1291/2179/916 1289/1853/916 1105/1597/916
f 1102/1855/917 1286/2184/917 1291/2185/917 1107/1859/917
f 1103/1467/918 1287/2183/918 1286/2184/918 1102/1855/918
f 883/2186/919 1293/1431/919 1292/1462/919 1136/2187/919
f 1136/2187/920 1292/1462/920 1294/1938/920 1139/2188/920
f 932/2189/921 1295/2190/921 1293/1431/921 883/2186/921
f 1139/2188/922 1294/1938/922 1295/2190/922 932/2189/922
f 1574/2191/923 1579/2192/923 1578/2193/923 1575/2194/923
f 1395/2195/924 1394/2196/924 1392/2197/924 1393/2198/924
f 1312/2199/925 1313/2200/925 1315/2201/925 1314/2202/925
f 1545/2203/926 1552/2204/926 1555/2205/926 1546/2206/926
f 1139/2188/927 1314/2202/927 1395/2195/927 1136/2187/927
f 932/2189/928 1312/2199/928 1314/2202/928 1139/2188/928
f 1136/2187/924 1395/2195/924 1393/2198/924 883/2186/924
f 883/2186/929 1393/2198/929 1312/2199/929 932/2189/929
f 1316/2207/927 1317/2208/927 1396/2209/927 1397/2210/927
f 1314/2202/930 1316/2207/930 1397/2210/930 1395/2195/930
f 1308/2211/931 1414/2212/931 1408/2213/931 1297/2214/931
f 1299/2215/932 1329/2216/932 1335/2217/932 1309/2218/932
f 1399/2219/929 1398/2220/929 1319/2221/929 1318/2222/929
f 1393/2198/933 1399/2219/933 1318/2222/933 1312/2199/933
f 1543/2223/934 1550/2224/934 1549/2225/934 1540/2226/934
f 1297/2214/935 1408/2213/935 1409/2227/935 1301/2228/935
f 1299/2215/936 1313/2200/936 1312/2199/936 1300/2229/936
f 1303/1567/937 1314/2202/937 1315/2201/937 1298/2230/937
f 1304/2231/934 1317/2208/934 1316/2207/934 1306/1570/934
f 1298/2230/938 1315/2201/938 1317/2208/938 1304/2231/938
f 1306/1570/934 1316/2207/934 1314/2202/934 1303/1567/934
f 1310/2232/926 1318/2222/926 1319/2221/926 1309/2218/926
f 1309/2218/939 1319/2221/939 1313/2200/939 1299/2215/939
f 1300/2229/926 1312/2199/926 1318/2222/926 1310/2232/926
f 1373/2233/940 1371/2234/940 1350/2235/940 1361/2236/940
f 1361/2236/932 1350/2235/932 1344/2237/932 1360/2238/932
f 1306/1570/940 1332/1569/940 1333/2239/940 1304/2231/940
f 1300/2229/940 1328/2240/940 1329/2216/940 1299/2215/940
f 1310/2232/655 1334/2241/655 1328/2240/655 1300/2229/655
f 1309/2218/941 1335/2217/941 1334/2241/941 1310/2232/941
f 1304/2231/932 1333/2239/932 1331/2242/932 1298/2230/932
f 1298/2230/941 1331/2242/941 1330/1568/941 1303/1567/941
f 1321/2243/926 1329/2216/926 1328/2240/926 1320/2244/926
f 1322/2245/934 1330/1568/934 1331/2242/934 1323/2246/934
f 1325/2247/934 1333/2239/934 1332/1569/934 1324/2248/934
f 1323/2246/934 1331/2242/934 1333/2239/934 1325/2247/934
f 1324/2248/934 1332/1569/934 1330/1568/934 1322/2245/934
f 1326/2249/926 1334/2241/926 1335/2217/926 1327/2250/926
f 1327/2250/926 1335/2217/926 1329/2216/926 1321/2243/926
f 1320/2244/926 1328/2240/926 1334/2241/926 1326/2249/926
f 1338/2251/655 1354/2252/655 1356/2253/655 1340/2254/655
f 1337/2255/932 1353/2256/932 1359/2257/932 1343/2258/932
f 1364/2259/942 1380/2260/942 1376/2261/942 1347/2262/942
f 1372/2263/940 1368/2264/940 1346/2265/940 1366/2266/940
f 1345/2267/943 1378/2268/943 1382/2269/943 1363/2270/943
f 1366/2266/932 1346/2265/932 1348/2271/932 1367/2272/932
f 1367/2272/941 1348/2271/941 1369/2273/941 1375/2274/941
f 1360/2238/941 1344/2237/941 1370/2275/941 1374/2276/941
f 1337/2255/926 1370/2275/926 1344/2237/926 1336/2277/926
f 1338/2251/934 1346/2265/934 1368/2264/934 1339/2278/934
f 1341/2279/934 1369/2273/934 1348/2271/934 1340/2254/934
f 1339/2278/934 1368/2264/934 1369/2273/934 1341/2279/934
f 1340/2254/934 1348/2271/934 1346/2265/934 1338/2251/934
f 1342/2280/926 1350/2235/926 1371/2234/926 1343/2258/926
f 1343/2258/926 1371/2234/926 1370/2275/926 1337/2255/926
f 1336/2277/926 1344/2237/926 1350/2235/926 1342/2280/926
f 1352/2281/926 1358/2282/926 1359/2257/926 1353/2256/926
f 1355/2283/934 1357/2284/934 1356/2253/934 1354/2252/934
f 1340/2254/940 1356/2253/940 1357/2284/940 1341/2279/940
f 1336/2277/940 1352/2281/940 1353/2256/940 1337/2255/940
f 1342/2280/655 1358/2282/655 1352/2281/655 1336/2277/655
f 1343/2258/944 1359/2257/944 1358/2282/944 1342/2280/944
f 1341/2279/932 1357/2284/932 1355/2283/932 1339/2278/932
f 1339/2278/941 1355/2283/941 1354/2252/941 1338/2251/941
f 1429/2285/945 1459/2286/945 1458/2287/945 1446/2288/945
f 1426/2289/946 1439/2290/946 1441/2291/946 1427/2292/946
f 1428/2293/947 1445/2294/947 1432/2295/947 1431/2296/947
f 1372/2263/948 1438/2297/948 1443/2298/948 1375/2274/948
f 1425/2299/949 1437/2300/949 1439/2290/949 1426/2289/949
f 1361/2236/950 1436/2301/950 1435/2302/950 1373/2233/950
f 1429/2285/949 1446/2288/949 1445/2294/949 1428/2293/949
f 1366/2266/950 1440/2303/950 1438/2297/950 1372/2263/950
f 1349/2304/951 1369/2273/951 1368/2264/951 1347/2262/951
f 1345/2267/952 1370/2275/952 1371/2234/952 1351/2305/952
f 1347/2262/953 1368/2264/953 1372/2263/953 1364/2259/953
f 1351/2305/954 1371/2234/954 1373/2233/954 1362/2306/954
f 1363/2270/955 1374/2276/955 1370/2275/955 1345/2267/955
f 1362/2306/956 1373/2233/956 1374/2276/956 1363/2270/956
f 1365/2307/957 1375/2274/957 1369/2273/957 1349/2304/957
f 1364/2259/958 1372/2263/958 1375/2274/958 1365/2307/958
f 1383/2308/959 1377/2309/959 1376/2261/959 1380/2260/959
f 1382/2269/960 1378/2268/960 1379/2310/960 1381/2311/960
f 1347/2262/961 1376/2261/961 1377/2309/961 1349/2304/961
f 1365/2307/962 1385/2312/962 1384/2313/962 1364/2259/962
f 1382/2269/963 1391/2314/963 1389/2315/963 1363/2270/963
f 1362/2306/964 1381/2311/964 1379/2310/964 1351/2305/964
f 1351/2305/965 1379/2310/965 1378/2268/965 1345/2267/965
f 1349/2304/966 1377/2309/966 1383/2308/966 1365/2307/966
f 1385/2312/967 1387/2316/967 1386/2317/967 1384/2313/967
f 1383/2308/968 1387/2316/968 1385/2312/968 1365/2307/968
f 1364/2259/969 1384/2313/969 1386/2317/969 1380/2260/969
f 1380/2260/970 1386/2317/970 1387/2316/970 1383/2308/970
f 1389/2315/971 1391/2314/971 1390/2318/971 1388/2319/971
f 1363/2270/972 1389/2315/972 1388/2319/972 1362/2306/972
f 1381/2311/973 1390/2318/973 1391/2314/973 1382/2269/973
f 1362/2306/974 1388/2319/974 1390/2318/974 1381/2311/974
f 1301/2228/975 1393/2198/975 1392/2197/975 1297/2214/975
f 1296/2320/976 1394/2196/976 1395/2195/976 1302/2321/976
f 1307/2322/976 1397/2210/976 1396/2209/976 1305/2323/976
f 1305/2323/976 1396/2209/976 1394/2196/976 1296/2320/976
f 1302/2321/976 1395/2195/976 1397/2210/976 1307/2322/976
f 1308/2211/975 1398/2220/975 1399/2219/975 1311/2324/975
f 1311/2324/975 1399/2219/975 1393/2198/975 1301/2228/975
f 1297/2214/975 1392/2197/975 1398/2220/975 1308/2211/975
f 1401/2325/655 1417/2326/655 1423/2327/655 1407/2328/655
f 1403/2329/941 1419/2330/941 1418/2331/941 1402/2332/941
f 1311/2324/977 1415/2333/977 1414/2212/977 1308/2211/977
f 1296/2320/978 1410/2334/978 1412/2335/978 1305/2323/978
f 1302/2321/979 1411/2336/979 1410/2334/979 1296/2320/979
f 1301/2228/980 1409/2227/980 1415/2333/980 1311/2324/980
f 1307/2322/981 1413/2337/981 1411/2336/981 1302/2321/981
f 1305/2323/982 1412/2335/982 1413/2337/982 1307/2322/982
f 1401/2325/975 1409/2227/975 1408/2213/975 1400/2338/975
f 1402/2332/976 1410/2334/976 1411/2336/976 1403/2329/976
f 1405/2339/976 1413/2337/976 1412/2335/976 1404/2340/976
f 1404/2340/976 1412/2335/976 1410/2334/976 1402/2332/976
f 1403/2329/976 1411/2336/976 1413/2337/976 1405/2339/976
f 1406/2341/975 1414/2212/975 1415/2333/975 1407/2328/975
f 1407/2328/975 1415/2333/975 1409/2227/975 1401/2325/975
f 1400/2338/975 1408/2213/975 1414/2212/975 1406/2341/975
f 1419/2330/976 1421/2342/976 1420/2343/976 1418/2331/976
f 1416/2344/975 1422/2345/975 1423/2327/975 1417/2326/975
f 1405/2339/655 1421/2342/655 1419/2330/655 1403/2329/655
f 1404/2340/940 1420/2343/940 1421/2342/940 1405/2339/940
f 1400/2338/983 1416/2344/983 1417/2326/983 1401/2325/983
f 1406/2341/932 1422/2345/932 1416/2344/932 1400/2338/932
f 1407/2328/941 1423/2327/941 1422/2345/941 1406/2341/941
f 1402/2332/932 1418/2331/932 1420/2343/932 1404/2340/932
f 1444/2346/984 1470/2347/984 1465/2348/984 1424/2349/984
f 1424/2349/985 1465/2348/985 1464/2350/985 1427/2292/985
f 1437/2300/986 1456/2351/986 1470/2347/986 1444/2346/986
f 1447/2352/987 1471/2353/987 1469/2354/987 1430/2355/987
f 1427/2292/988 1464/2350/988 1462/2356/988 1426/2289/988
f 1431/2296/989 1467/2357/989 1468/2358/989 1428/2293/989
f 1425/2299/990 1457/2359/990 1456/2351/990 1437/2300/990
f 1426/2289/991 1462/2356/991 1457/2359/991 1425/2299/991
f 1432/2295/941 1433/2360/941 1434/2361/941 1447/2352/941
f 1447/2352/655 1434/2361/655 1435/2302/655 1446/2288/655
f 1445/2294/932 1436/2301/932 1433/2360/932 1432/2295/932
f 1446/2288/940 1435/2302/940 1436/2301/940 1445/2294/940
f 1441/2291/992 1442/2362/992 1443/2298/992 1444/2346/992
f 1439/2290/932 1440/2303/932 1442/2362/932 1441/2291/932
f 1437/2300/993 1438/2297/993 1440/2303/993 1439/2290/993
f 1444/2346/655 1443/2298/655 1438/2297/655 1437/2300/655
f 1427/2292/949 1441/2291/949 1444/2346/949 1424/2349/949
f 1431/2296/949 1432/2295/949 1447/2352/949 1430/2355/949
f 1374/2276/950 1434/2361/950 1433/2360/950 1360/2238/950
f 1375/2274/950 1443/2298/950 1442/2362/950 1367/2272/950
f 1373/2233/994 1435/2302/994 1434/2361/994 1374/2276/994
f 1367/2272/948 1442/2362/948 1440/2303/948 1366/2266/948
f 1360/2238/994 1433/2360/994 1436/2301/994 1361/2236/994
f 1428/2293/995 1468/2358/995 1459/2286/995 1429/2285/995
f 1763/2363/941 1451/2364/941 1450/2365/941 1756/2366/941
f 1756/2366/655 1450/2365/655 1449/2367/655 1752/2368/655
f 1748/2369/932 1448/2370/932 1451/2364/932 1763/2363/932
f 1752/2368/940 1449/2367/940 1448/2370/940 1748/2369/940
f 1747/2371/941 1455/2372/941 1452/2373/941 1732/2374/941
f 1743/2375/932 1454/2376/932 1455/2372/932 1747/2371/932
f 1739/2377/940 1453/2378/940 1454/2376/940 1743/2375/940
f 1732/2374/655 1452/2373/655 1453/2378/655 1739/2377/655
f 1469/2354/996 1471/2353/996 1458/2287/996 1459/2286/996
f 1479/2379/997 1510/2380/997 1509/2381/997 1476/2382/997
f 1492/2383/998 1537/2384/998 1536/2385/998 1493/2386/998
f 1499/2387/999 1530/2388/999 1529/2389/999 1496/2390/999
f 1491/2391/1000 1518/2392/1000 1517/2393/1000 1488/2394/1000
f 1493/2386/1001 1536/2385/1001 1539/2395/1001 1494/2396/1001
f 1498/2397/1002 1531/2398/1002 1530/2388/1002 1499/2387/1002
f 1478/2399/1003 1511/2400/1003 1510/2380/1003 1479/2379/1003
f 1505/2401/1004 1520/2402/1004 1523/2403/1004 1506/2404/1004
f 1465/2348/1005 1470/2347/1005 1456/2351/1005 1457/2359/1005
f 1430/2355/1006 1469/2354/1006 1467/2357/1006 1431/2296/1006
f 1451/2364/950 1466/2405/950 1474/2406/950 1450/2365/950
f 1455/2372/950 1463/2407/950 1475/2408/950 1452/2373/950
f 1446/2288/1007 1458/2287/1007 1471/2353/1007 1447/2352/1007
f 1450/2365/1008 1474/2406/1008 1473/2409/1008 1449/2367/1008
f 1454/2376/1009 1461/2410/1009 1463/2407/1009 1455/2372/1009
f 1448/2370/1008 1472/2411/1008 1466/2405/1008 1451/2364/1008
f 1453/2378/950 1460/2412/950 1461/2410/950 1454/2376/950
f 1449/2367/950 1473/2409/950 1472/2411/950 1448/2370/950
f 1452/2373/1009 1475/2408/1009 1460/2412/1009 1453/2378/1009
f 1475/2408/1010 1476/2382/1010 1477/2413/1010 1460/2412/1010
f 1460/2412/1011 1477/2413/1011 1478/2399/1011 1457/2359/1011
f 1457/2359/1011 1478/2399/1011 1479/2379/1011 1465/2348/1011
f 1465/2348/1012 1479/2379/1012 1476/2382/1012 1475/2408/1012
f 1460/2412/1013 1480/2414/1013 1481/2415/1013 1461/2410/1013
f 1461/2410/1014 1481/2415/1014 1482/2416/1014 1462/2356/1014
f 1462/2356/1015 1482/2416/1015 1483/2417/1015 1457/2359/1015
f 1457/2359/1016 1483/2417/1016 1480/2414/1016 1460/2412/1016
f 1461/2410/932 1484/2418/932 1485/2419/932 1463/2407/932
f 1463/2407/1017 1485/2419/1017 1486/2420/1017 1464/2350/1017
f 1464/2350/1018 1486/2420/1018 1487/2421/1018 1462/2356/1018
f 1462/2356/1019 1487/2421/1019 1484/2418/1019 1461/2410/1019
f 1463/2407/1020 1488/2394/1020 1489/2422/1020 1475/2408/1020
f 1475/2408/1021 1489/2422/1021 1490/2423/1021 1465/2348/1021
f 1465/2348/1022 1490/2423/1022 1491/2391/1022 1464/2350/1022
f 1464/2350/1023 1491/2391/1023 1488/2394/1023 1463/2407/1023
f 1473/2409/1013 1492/2383/1013 1493/2386/1013 1472/2411/1013
f 1472/2411/1024 1493/2386/1024 1494/2396/1024 1468/2358/1024
f 1468/2358/1015 1494/2396/1015 1495/2424/1015 1459/2286/1015
f 1459/2286/1025 1495/2424/1025 1492/2383/1025 1473/2409/1025
f 1472/2411/1018 1496/2390/1018 1497/2425/1018 1466/2405/1018
f 1466/2405/1019 1497/2425/1019 1498/2397/1019 1467/2357/1019
f 1467/2357/932 1498/2397/932 1499/2387/932 1468/2358/932
f 1468/2358/1017 1499/2387/1017 1496/2390/1017 1472/2411/1017
f 1474/2406/1026 1500/2426/1026 1501/2427/1026 1473/2409/1026
f 1473/2409/1012 1501/2427/1012 1502/2428/1012 1459/2286/1012
f 1459/2286/1011 1502/2428/1011 1503/2429/1011 1469/2354/1011
f 1469/2354/1011 1503/2429/1011 1500/2426/1011 1474/2406/1011
f 1466/2405/1027 1504/2430/1027 1505/2401/1027 1474/2406/1027
f 1474/2406/1028 1505/2401/1028 1506/2404/1028 1469/2354/1028
f 1469/2354/1022 1506/2404/1022 1507/2431/1022 1467/2357/1022
f 1467/2357/1029 1507/2431/1029 1504/2430/1029 1466/2405/1029
f 1509/2432/1011 1510/2433/1011 1511/2434/1011 1508/2435/1011
f 1513/2436/1011 1514/2437/1011 1515/2438/1011 1512/2439/1011
f 1501/2427/1030 1512/2440/1030 1515/2441/1030 1502/2428/1030
f 1500/2426/1031 1513/2442/1031 1512/2440/1031 1501/2427/1031
f 1477/2413/1030 1508/2443/1030 1511/2400/1030 1478/2399/1030
f 1476/2382/1032 1509/2381/1032 1508/2443/1032 1477/2413/1032
f 1502/2428/1033 1515/2441/1033 1514/2444/1033 1503/2429/1033
f 1503/2429/997 1514/2444/997 1513/2442/997 1500/2426/997
f 1517/2393/1034 1518/2392/1034 1519/2445/1034 1516/2446/1034
f 1521/2447/1035 1522/2448/1035 1523/2449/1035 1520/2450/1035
f 1504/2430/1036 1521/2451/1036 1520/2402/1036 1505/2401/1036
f 1506/2404/1037 1523/2403/1037 1522/2452/1037 1507/2431/1037
f 1489/2422/1038 1516/2446/1038 1519/2445/1038 1490/2423/1038
f 1507/2431/1039 1522/2452/1039 1521/2451/1039 1504/2430/1039
f 1488/2453/1036 1517/2454/1036 1516/2455/1036 1489/2456/1036
f 1490/2423/1037 1519/2445/1037 1518/2392/1037 1491/2391/1037
f 1525/2457/932 1526/2458/932 1527/2459/932 1524/2460/932
f 1529/2389/932 1530/2388/932 1531/2398/932 1528/2461/932
f 1486/2420/1009 1527/2459/1009 1526/2458/1009 1487/2421/1009
f 1487/2421/944 1526/2458/944 1525/2457/944 1484/2418/944
f 1497/2425/1040 1528/2461/1040 1531/2398/1040 1498/2397/1040
f 1496/2462/1041 1529/2463/1041 1528/2464/1041 1497/2465/1041
f 1485/2419/983 1524/2460/983 1527/2459/983 1486/2420/983
f 1484/2466/988 1525/2467/988 1524/2468/988 1485/2469/988
f 1533/2470/1042 1534/2471/1042 1535/2472/1042 1532/2473/1042
f 1537/2474/1043 1538/2475/1043 1539/2476/1043 1536/2477/1043
f 1481/2415/1044 1532/2478/1044 1535/2479/1044 1482/2416/1044
f 1480/2414/998 1533/2480/998 1532/2478/998 1481/2415/998
f 1494/2396/1045 1539/2395/1045 1538/2481/1045 1495/2424/1045
f 1495/2424/1046 1538/2481/1046 1537/2384/1046 1492/2383/1046
f 1482/2416/1045 1535/2479/1045 1534/2482/1045 1483/2417/1045
f 1483/2417/1047 1534/2482/1047 1533/2480/1047 1480/2414/1047
f 1394/2196/1048 1540/2226/1048 1541/2483/1048 1315/2201/1048
f 1315/2201/1049 1541/2483/1049 1542/2484/1049 1317/2208/1049
f 1317/2208/1050 1542/2484/1050 1543/2223/1050 1396/2209/1050
f 1396/2209/1051 1543/2223/1051 1540/2226/1051 1394/2196/1051
f 1313/2200/1052 1544/2485/1052 1545/2203/1052 1392/2197/1052
f 1392/2197/1053 1545/2203/1053 1546/2206/1053 1398/2220/1053
f 1398/2220/1054 1546/2206/1054 1547/2486/1054 1319/2221/1054
f 1319/2221/1055 1547/2486/1055 1544/2485/1055 1313/2200/1055
f 1562/2487/1056 1571/2488/1056 1570/2489/1056 1563/2490/1056
f 1557/2491/1057 1564/2492/1057 1567/2493/1057 1558/2494/1057
f 1544/2485/1058 1553/2495/1058 1552/2204/1058 1545/2203/1058
f 1541/2483/1059 1548/2496/1059 1551/2497/1059 1542/2484/1059
f 1546/2206/1060 1555/2205/1060 1554/2498/1060 1547/2486/1060
f 1540/2226/1061 1549/2225/1061 1548/2496/1061 1541/2483/1061
f 1547/2486/1062 1554/2498/1062 1553/2495/1062 1544/2485/1062
f 1542/2484/1063 1551/2497/1063 1550/2224/1063 1543/2223/1063
f 1549/2225/1048 1556/2499/1048 1557/2491/1048 1548/2496/1048
f 1548/2496/1064 1557/2491/1064 1558/2494/1064 1551/2497/1064
f 1551/2497/1065 1558/2494/1065 1559/2500/1065 1550/2224/1065
f 1550/2224/1066 1559/2500/1066 1556/2499/1066 1549/2225/1066
f 1553/2495/1067 1560/2501/1067 1561/2502/1067 1552/2204/1067
f 1552/2204/1068 1561/2502/1068 1562/2487/1068 1555/2205/1068
f 1555/2205/1054 1562/2487/1054 1563/2490/1054 1554/2498/1054
f 1554/2498/1069 1563/2490/1069 1560/2501/1069 1553/2495/1069
f 1565/2503/1070 1566/2504/1070 1567/2493/1070 1564/2492/1070
f 1569/2505/1071 1570/2489/1071 1571/2488/1071 1568/2506/1071
f 1556/2499/1072 1565/2503/1072 1564/2492/1072 1557/2491/1072
f 1563/2490/1073 1570/2489/1073 1569/2505/1073 1560/2501/1073
f 1558/2494/1074 1567/2493/1074 1566/2504/1074 1559/2500/1074
f 1559/2500/1075 1566/2504/1075 1565/2503/1075 1556/2499/1075
f 1561/2502/1076 1568/2506/1076 1571/2488/1076 1562/2487/1076
f 1560/2501/1077 1569/2505/1077 1568/2506/1077 1561/2502/1077
f 1394/2196/1078 1572/2507/1078 1573/2508/1078 1392/2197/1078
f 1392/2197/1079 1573/2508/1079 1574/2191/1079 1313/2200/1079
f 1313/2200/1080 1574/2191/1080 1575/2194/1080 1315/2201/1080
f 1315/2201/1081 1575/2194/1081 1572/2507/1081 1394/2196/1081
f 1576/2509/1082 1578/2193/1082 1579/2192/1082 1577/2510/1082
f 1575/2194/1083 1578/2193/1083 1576/2509/1083 1572/2507/1083
f 1573/2508/1084 1577/2510/1084 1579/2192/1084 1574/2191/1084
f 1572/2507/1085 1576/2509/1085 1577/2510/1085 1573/2508/1085
f 926/1542/1086 1580/2511/1086 1581/2512/1086 927/1543/1086
f 927/1543/1086 1581/2512/1086 1582/1533/1086 929/1540/1086
f 929/1540/1086 1582/1533/1086 1583/1536/1086 928/1537/1086
f 928/1537/1086 1583/1536/1086 1580/2511/1086 926/1542/1086
f 1584/2513/1086 1586/1535/1086 1587/1534/1086 1585/2514/1086
f 1583/1536/1087 1586/1535/1087 1584/2513/1087 1580/2511/1087
f 1581/2512/1088 1585/2514/1088 1587/1534/1088 1582/1533/1088
f 1580/2511/1089 1584/2513/1089 1585/2514/1089 1581/2512/1089
f 1190/606/1090 1676/1123/1090 1677/2515/1090 1191/2005/1090
f 1191/2005/1091 1677/2515/1091 1590/2516/1091 1091/1817/1091
f 1091/1817/510 1590/2516/510 1591/1125/510 1090/410/510
f 1090/410/620 1591/1125/620 1676/1123/620 1190/606/620
f 1621/2517/1092 1625/2518/1092 1627/2519/1092 1622/2520/1092
f 1606/2521/1093 1691/2522/1093 1689/2523/1093 1607/2524/1093
f 1599/1814/513 1595/1813/513 1594/1135/513 1611/1134/513
f 1611/1134/620 1594/1135/620 1678/1200/620 1685/1251/620
f 1591/1125/620 1608/1141/620 1681/1259/620 1676/1123/620
f 1608/1141/620 1609/1142/620 1687/1258/620 1681/1259/620
f 1609/1145/620 1610/1146/620 1686/1256/620 1687/1257/620
f 1610/1149/620 1611/1150/620 1685/1254/620 1686/1255/620
f 1590/2525/513 1596/2526/513 1608/1138/513 1591/1137/513
f 1596/2527/513 1597/2528/513 1609/1142/513 1608/1141/513
f 1597/2529/513 1598/2530/513 1610/1146/513 1609/1145/513
f 1598/2531/513 1599/2532/513 1611/1150/513 1610/1149/513
f 1600/2533/1094 1694/2534/1094 1699/2535/1094 1593/2536/1094
f 1603/2537/1095 1688/2538/1095 1690/2539/1095 1602/2540/1095
f 1588/2541/1096 1696/2542/1096 1697/2543/1096 1589/2544/1096
f 1605/2545/1097 1693/2546/1097 1691/2547/1097 1606/2548/1097
f 1677/2549/1098 1680/2550/1098 1596/2526/1098 1590/2525/1098
f 1596/2527/1099 1616/2551/1099 1617/2552/1099 1597/2528/1099
f 1684/2553/1100 1683/2554/1100 1598/2530/1100 1597/2529/1100
f 1670/2555/1101 1675/2556/1101 1674/2557/1101 1671/2558/1101
f 1631/2559/1102 1634/2560/1102 1633/2561/1102 1628/2562/1102
f 1598/2531/1103 1612/2563/1103 1613/2564/1103 1599/2532/1103
f 1683/2565/1104 1615/2566/1104 1612/2563/1104 1598/2531/1104
f 1599/2532/1105 1613/2564/1105 1614/2567/1105 1682/2568/1105
f 1645/2569/1106 1648/2570/1106 1651/2571/1106 1646/2572/1106
f 1680/2573/1107 1619/2574/1107 1616/2551/1107 1596/2527/1107
f 1662/2575/1108 1667/2576/1108 1666/2577/1108 1663/2578/1108
f 1597/2528/1109 1617/2552/1109 1618/2579/1109 1684/2580/1109
f 1678/1200/1110 1620/1202/1110 1621/2581/1110 1679/1812/1110
f 1679/1812/1111 1621/2581/1111 1622/2582/1111 1595/1813/1111
f 1595/1813/1112 1622/2582/1112 1623/1204/1112 1594/1135/1112
f 1594/1135/1113 1623/1204/1113 1620/1202/1113 1678/1200/1113
f 1624/1205/1114 1626/1206/1114 1627/2519/1114 1625/2518/1114
f 1620/1207/1115 1624/1205/1115 1625/2518/1115 1621/2517/1115
f 1622/2520/1116 1627/2519/1116 1626/1206/1116 1623/1208/1116
f 1623/1208/620 1626/1206/620 1624/1205/620 1620/1207/620
f 1615/2566/1117 1628/2562/1117 1629/2583/1117 1612/2563/1117
f 1612/2563/1118 1629/2583/1118 1630/2584/1118 1613/2564/1118
f 1613/2564/1119 1630/2584/1119 1631/2559/1119 1614/2567/1119
f 1614/2567/1120 1631/2559/1120 1628/2562/1120 1615/2566/1120
f 1638/2585/1121 1643/2586/1121 1642/2587/1121 1639/2588/1121
f 1629/2583/1122 1632/2589/1122 1635/2590/1122 1630/2584/1122
f 1628/2562/1123 1633/2561/1123 1632/2589/1123 1629/2583/1123
f 1630/2584/1124 1635/2590/1124 1634/2560/1124 1631/2559/1124
f 1633/2561/1125 1636/2591/1125 1637/2592/1125 1632/2589/1125
f 1632/2589/1126 1637/2592/1126 1638/2585/1126 1635/2590/1126
f 1635/2590/1127 1638/2585/1127 1639/2588/1127 1634/2560/1127
f 1634/2560/1128 1639/2588/1128 1636/2591/1128 1633/2561/1128
f 1641/2593/1129 1642/2587/1129 1643/2586/1129 1640/2594/1129
f 1639/2588/1130 1642/2587/1130 1641/2593/1130 1636/2591/1130
f 1637/2592/1131 1640/2594/1131 1643/2586/1131 1638/2585/1131
f 1636/2591/1132 1641/2593/1132 1640/2594/1132 1637/2592/1132
f 1619/2574/1133 1644/2595/1133 1645/2569/1133 1616/2551/1133
f 1616/2551/1134 1645/2569/1134 1646/2572/1134 1617/2552/1134
f 1617/2552/1135 1646/2572/1135 1647/2596/1135 1618/2579/1135
f 1618/2579/1136 1647/2596/1136 1644/2595/1136 1619/2574/1136
f 1653/2597/1137 1656/2598/1137 1659/2599/1137 1654/2600/1137
f 1644/2595/1138 1649/2601/1138 1648/2570/1138 1645/2569/1138
f 1646/2572/1139 1651/2571/1139 1650/2602/1139 1647/2596/1139
f 1647/2596/1140 1650/2602/1140 1649/2601/1140 1644/2595/1140
f 1649/2601/1141 1652/2603/1141 1653/2597/1141 1648/2570/1141
f 1648/2570/1142 1653/2597/1142 1654/2600/1142 1651/2571/1142
f 1651/2571/1143 1654/2600/1143 1655/2604/1143 1650/2602/1143
f 1650/2602/1144 1655/2604/1144 1652/2603/1144 1649/2601/1144
f 1657/2605/1145 1658/2606/1145 1659/2599/1145 1656/2598/1145
f 1652/2603/1146 1657/2605/1146 1656/2598/1146 1653/2597/1146
f 1654/2600/1147 1659/2599/1147 1658/2606/1147 1655/2604/1147
f 1655/2604/1148 1658/2606/1148 1657/2605/1148 1652/2603/1148
f 1684/2580/1149 1660/2607/1149 1661/2608/1149 1680/2573/1149
f 1680/2573/1149 1661/2608/1149 1662/2575/1149 1619/2574/1149
f 1619/2574/1149 1662/2575/1149 1663/2578/1149 1618/2579/1149
f 1618/2579/1150 1663/2578/1150 1660/2607/1150 1684/2580/1150
f 1664/2609/1149 1666/2577/1149 1667/2576/1149 1665/2610/1149
f 1663/2578/1151 1666/2577/1151 1664/2609/1151 1660/2607/1151
f 1661/2608/1152 1665/2610/1152 1667/2576/1152 1662/2575/1152
f 1660/2607/1153 1664/2609/1153 1665/2610/1153 1661/2608/1153
f 1682/2568/1154 1668/2611/1154 1669/2612/1154 1683/2565/1154
f 1683/2565/1154 1669/2612/1154 1670/2555/1154 1615/2566/1154
f 1615/2566/1154 1670/2555/1154 1671/2558/1154 1614/2567/1154
f 1614/2567/1154 1671/2558/1154 1668/2611/1154 1682/2568/1154
f 1672/2613/1154 1674/2557/1154 1675/2556/1154 1673/2614/1154
f 1671/2558/1155 1674/2557/1155 1672/2613/1155 1668/2611/1155
f 1669/2612/1156 1673/2614/1156 1675/2556/1156 1670/2555/1156
f 1668/2611/1157 1672/2613/1157 1673/2614/1157 1669/2612/1157
f 1589/2544/1158 1677/2549/1158 1676/1241/1158 1588/2541/1158
f 1592/2615/1159 1678/1200/1159 1679/1812/1159 1593/2536/1159
f 1603/2616/1160 1680/2550/1160 1677/2549/1160 1589/2544/1160
f 1588/2541/1161 1676/1241/1161 1681/1245/1161 1607/2617/1161
f 1593/2536/1162 1679/1812/1162 1682/1811/1162 1600/2533/1162
f 1600/2618/1163 1682/2568/1163 1683/2565/1163 1601/2619/1163
f 1601/2620/1164 1683/2554/1164 1684/2553/1164 1602/2621/1164
f 1602/2540/1165 1684/2580/1165 1680/2573/1165 1603/2537/1165
f 1604/2622/1166 1685/1251/1166 1678/1200/1166 1592/2615/1166
f 1605/2623/1167 1686/1255/1167 1685/1254/1167 1604/2624/1167
f 1606/2548/1168 1687/1257/1168 1686/1256/1168 1605/2545/1168
f 1607/2524/1169 1681/1259/1169 1687/1258/1169 1606/2521/1169
f 1695/2625/1170 1698/2626/1170 1699/2535/1170 1694/2534/1170
f 1696/2542/1171 1689/2627/1171 1688/2628/1171 1697/2543/1171
f 1689/2523/1172 1691/2522/1172 1690/2539/1172 1688/2538/1172
f 1691/2547/1173 1693/2546/1173 1692/2629/1173 1690/2630/1173
f 1693/2631/1174 1695/2632/1174 1694/2633/1174 1692/2634/1174
f 1593/2536/1175 1699/2535/1175 1698/2626/1175 1592/2615/1175
f 1592/2615/1176 1698/2626/1176 1695/2625/1176 1604/2622/1176
f 1601/2619/1177 1692/2634/1177 1694/2633/1177 1600/2618/1177
f 1589/2544/1094 1697/2543/1094 1688/2628/1094 1603/2616/1094
f 1604/2624/1178 1695/2632/1178 1693/2631/1178 1605/2623/1178
f 1602/2621/1094 1690/2630/1094 1692/2629/1094 1601/2620/1094
f 1607/2617/1176 1689/2627/1176 1696/2542/1176 1588/2541/1176
f 1112/2635/794 1700/1827/794 1701/1871/794 1113/1869/794
f 1114/2636/1179 1702/1828/1179 1700/1827/1179 1112/2635/1179
f 1113/1869/794 1701/1871/794 1703/1872/794 1115/1866/794
f 1115/1866/794 1703/1872/794 1702/1828/794 1114/2636/794
f 1706/2637/794 1704/2638/794 1705/1868/794 1707/1867/794
f 1113/1869/1180 1705/1868/1180 1704/2638/1180 1112/2635/1180
f 1114/2636/1181 1706/2637/1181 1707/1867/1181 1115/1866/1181
f 1112/2635/1182 1704/2638/1182 1706/2637/1182 1114/2636/1182
f 1186/1796/776 1709/2639/776 1710/2640/776 1083/1422/776
f 1708/1863/1183 1716/2641/1183 1723/2642/1183 1715/1862/1183
f 1083/1422/783 1710/2640/783 1712/2643/783 1091/1817/783
f 1709/2639/1184 1717/2644/1184 1718/2645/1184 1710/2640/1184
f 1091/1817/784 1712/2643/784 1714/2646/784 1191/2005/784
f 1710/2640/1185 1718/2645/1185 1720/2647/1185 1712/2643/1185
f 1191/2005/794 1714/2646/794 1709/2639/794 1186/1796/794
f 1712/2643/1186 1720/2647/1186 1722/2648/1186 1714/2646/1186
f 1717/2644/1187 1716/2641/1187 1719/2649/1187 1718/2645/1187
f 1718/2645/1188 1719/2649/1188 1721/2650/1188 1720/2647/1188
f 1720/2647/1189 1721/2650/1189 1723/2642/1189 1722/2648/1189
f 1722/2648/1190 1723/2642/1190 1716/2641/1190 1717/2644/1190
f 1715/1862/1191 1723/2642/1191 1721/2650/1191 1713/1864/1191
f 1713/1864/1192 1721/2650/1192 1719/2649/1192 1711/1865/1192
f 1711/1865/1193 1719/2649/1193 1716/2641/1193 1708/1863/1193
f 1714/2646/1194 1722/2648/1194 1717/2644/1194 1709/2639/1194
f 1109/1801/798 1730/2651/798 1729/2652/798 1093/1802/798
f 1730/2653/798 1731/2654/798 1728/2655/798 1729/2656/798
f 1111/1825/797 1724/2657/797 1730/2651/797 1109/1801/797
f 1724/2658/797 1725/2659/797 1731/2654/797 1730/2653/797
f 1093/1802/796 1729/2652/796 1727/2660/796 1095/1822/796
f 1729/2656/796 1728/2655/796 1726/2661/796 1727/2662/796
f 1095/1822/785 1727/2660/785 1724/2657/785 1111/1825/785
f 1727/2662/785 1726/2661/785 1725/2659/785 1724/2658/785
f 1325/2247/655 1735/2663/655 1736/2664/655 1323/2246/655
f 1753/2665/950 1785/2666/950 1781/2667/950 1749/2668/950
f 1734/2669/655 1733/2670/655 1738/2671/655 1737/2672/655
f 1743/2375/949 1775/2673/949 1771/2674/949 1739/2377/949
f 1323/2246/940 1736/2664/940 1740/2675/940 1322/2245/940
f 1756/2366/949 1788/2676/949 1795/2677/949 1763/2363/949
f 1737/2672/940 1738/2671/940 1742/2678/940 1741/2679/940
f 1750/2680/949 1782/2681/949 1786/2682/949 1754/2683/949
f 1322/2245/932 1740/2675/932 1744/2684/932 1324/2248/932
f 1738/2671/950 1770/2685/950 1774/2686/950 1742/2678/950
f 1741/2679/932 1742/2678/932 1746/2687/932 1745/2688/932
f 1762/2689/950 1794/2690/950 1789/2691/950 1757/2692/950
f 1324/2248/941 1744/2684/941 1735/2663/941 1325/2247/941
f 1755/2693/950 1787/2694/950 1783/2695/950 1751/2696/950
f 1745/2688/941 1746/2687/941 1733/2670/941 1734/2669/941
f 1741/2679/949 1773/2697/949 1769/2698/949 1737/2672/949
f 1327/2250/940 1755/2693/940 1751/2696/940 1326/2249/940
f 1758/2699/949 1790/2700/949 1793/2701/949 1761/2702/949
f 1754/2683/940 1753/2665/940 1749/2668/940 1750/2680/940
f 1736/2664/950 1768/2703/950 1772/2704/950 1740/2675/950
f 1326/2249/932 1751/2696/932 1760/2705/932 1320/2244/932
f 1760/2705/950 1792/2706/950 1791/2707/950 1759/2708/950
f 1750/2680/932 1749/2668/932 1762/2689/932 1761/2702/932
f 1739/2377/1195 1771/2674/1195 1764/2709/1195 1732/2374/1195
f 1321/2243/655 1759/2708/655 1755/2693/655 1327/2250/655
f 1752/2368/1041 1784/2710/1041 1788/2676/1041 1756/2366/1041
f 1758/2699/655 1757/2692/655 1753/2665/655 1754/2683/655
f 1733/2670/1196 1765/2711/1196 1770/2685/1196 1738/2671/1196
f 1320/2244/941 1760/2705/941 1759/2708/941 1321/2243/941
f 1757/2692/1002 1789/2691/1002 1785/2666/1002 1753/2665/1002
f 1761/2702/941 1762/2689/941 1757/2692/941 1758/2699/941
f 1732/2374/949 1764/2709/949 1779/2712/949 1747/2371/949
f 1767/2713/655 1766/2714/655 1769/2715/655 1768/2716/655
f 1765/2717/655 1764/2718/655 1771/2719/655 1770/2720/655
f 1768/2721/940 1769/2722/940 1773/2723/940 1772/2724/940
f 1770/2725/940 1771/2726/940 1775/2727/940 1774/2728/940
f 1772/2729/932 1773/2730/932 1777/2731/932 1776/2732/932
f 1774/2733/932 1775/2734/932 1779/2735/932 1778/2736/932
f 1776/2737/941 1777/2738/941 1766/2714/941 1767/2713/941
f 1778/2739/941 1779/2740/941 1764/2718/941 1765/2717/941
f 1787/2741/993 1786/2742/993 1782/2743/993 1783/2744/993
f 1785/2745/993 1784/2746/993 1780/2747/993 1781/2748/993
f 1783/2749/932 1782/2750/932 1793/2751/932 1792/2752/932
f 1781/2753/932 1780/2754/932 1795/2755/932 1794/2756/932
f 1791/2757/655 1790/2758/655 1786/2759/655 1787/2760/655
f 1789/2761/655 1788/2762/655 1784/2763/655 1785/2764/655
f 1792/2765/992 1793/2766/992 1790/2758/992 1791/2757/992
f 1794/2767/992 1795/2768/992 1788/2762/992 1789/2761/992
f 1740/2675/1196 1772/2704/1196 1776/2769/1196 1744/2684/1196
f 1748/2369/949 1780/2770/949 1784/2710/949 1752/2368/949
f 1745/2688/988 1777/2771/988 1773/2697/988 1741/2679/988
f 1751/2696/1002 1783/2695/1002 1792/2706/1002 1760/2705/1002
f 1742/2678/1009 1774/2686/1009 1778/2772/1009 1746/2687/1009
f 1761/2702/1041 1793/2701/1041 1782/2681/1041 1750/2680/1041
f 1747/2371/988 1779/2712/988 1775/2673/988 1743/2375/988
f 1749/2668/1002 1781/2667/1002 1794/2690/1002 1762/2689/1002
f 1744/2684/950 1776/2769/950 1767/2773/950 1735/2663/950
f 1763/2363/1041 1795/2677/1041 1780/2770/1041 1748/2369/1041
f 1734/2669/949 1766/2774/949 1777/2771/949 1745/2688/949
f 1759/2708/1002 1791/2707/1002 1787/2694/1002 1755/2693/1002
f 1735/2663/1196 1767/2773/1196 1768/2703/1196 1736/2664/1196
f 1746/2687/950 1778/2772/950 1765/2711/950 1733/2670/950
f 1754/2683/1041 1786/2682/1041 1790/2700/1041 1758/2699/1041
f 1737/2672/988 1769/2698/988 1766/2774/988 1734/2669/988
